0.11474888710005904,0.3900410998968099,0.28649704993274605,0.6669142417261372,0.49931939575288153,0.9426011702652086,0.02782058919930419,0.7749396431077308,0.2992909956337372,0.8216195120609148,0.9243812776027179,0.5949389932405945,0.8707101414778726,0.8812826590428534,0.1406099658527471,0.9388644441055576,0.05910854384162245,0.8187668560310557,0.6807833296969835,0.9348247078502143,0.9826494373530642,0.5560018036920928,0.8699512971652051,0.14590440686920747,0.5455806502849704,0.7937108483370925,0.05131538911774891,0.9689061981049084,0.9128016727384756,0.797213353360297,0.07071336921032534,0.5585263877602115,0.9106712692819391,0.3983285692153252,0.6201147078300476,0.14652606139765445,0.5105002147988192,0.41901933777565914,0.4400703667856216,0.8474797500993149,0.2972976885418236,0.28085411521648673,0.9469242329168583,0.19594703577740302,0.743572664828744,0.9024246844781667,0.727138035525868,0.4972425502978032,0.42670762478763724,0.7179790079966857
0.5693066595250106,0.005796121376895558,0.9701804154061558,0.1295370189134426,0.16576198501945794,0.8747207603618051,0.9541945886821744,0.3051055909420256,0.6660173738446626,0.8327463087049745,0.2812555289494415,0.3220763876922692,0.6788961441813474,0.41475809495279015,0.47889276707592865,0.8168721134938183,0.11686016531912313,0.6037455939940092,0.5436936999032305,0.6141379609697938,0.35167560071543746,0.6269097674895721,0.8503170543020028,0.24608191685927927,0.5673699292631288,0.4175584928228394,0.7248790585684487,0.4307438762751833,0.7519175938635482,0.2553495320642797,0.5932884005191513,0.3202964716522324,0.37955931097648277,0.3097949852761783,0.39802690870107416,0.77153646582927,0.9323506276137861,0.9142102077204353,0.40358866968811125,0.8632018156082101,0.9613057417515429,0.23044691046154508,0.40677436355034535,0.7774123885184019,0.9610697058794785,0.157199617921432,0.5962931692207724,0.9617492762231052,0.3483600258777876,0.5201786670221213
0.6803984727552796,0.5763017854315302,0.05428227499468419,0.3722481056074356,0.8281655179176316,0.08156734455582548,0.6942958123917626,0.007875727813365319,0.17155924512198206,0.1881359793796087,0.7189612552067784,0.5694802478461951,0.6698076653009606,0.30827688874029324,0.49918455872098855,0.8038433293903826,0.45389732665771054,0.316831430787744,0.13585739510953565,0.006803794505394478,0.7231067565025978,0.7282215475507811,0.15143887303631798,0.02554735152493748,0.14807692080538293,0.15774146214731954,0.8706676608411908,0.4288605600724339,0.5495051145083815,0.9577923900529759,0.1398934961938184,0.170867030216456,0.19726142177123296,0.6488159022466087,0.09139452325527453,0.010908396198377024,0.935516779041899,0.01100040045604822,0.655379464152564,0.12210833640826535,0.007966902423508837,0.6180296335207165,0.20145882335289744,0.7687300508047138,0.3389711542418281,0.5583777138721063,0.917734239843171,0.3464182222421771,0.9933498655475224,0.8152394271524994
0.13883752892320522,0.2975555783855902,0.22426097652875165,0.38366609875273383,0.757029752001048,0.49186046164860553,0.9836487359157897,0.8454924395678649,0.41555638613662316,0.6560266251281313,0.4013053070397694,0.2506409017425555,0.8100917269781783,0.31451982941006307,0.8713827971247098,0.6781583165027963,0.06451872914344992,0.6731584430501737,0.44980772082087817,0.3499510001624482,0.26709414705577883,0.2748749083084341,0.40958118388427234,0.7979336626961316,0.48958514362390193,0.6969457940964682,0.910827310859004,0.6725729234185505,0.8949075168032672,0.5813304321418449,0.8396627762360956,0.9075716618145594,0.8807739971356081,0.15864822785098198,0.1935498898591862,0.6475117760453569,0.6377269058178812,0.13244197538041813,0.7835315022515057,0.5037890818739836,0.5919530700582976,0.6670705755478108,0.18226184517312038,0.6309828038946265,0.29417999371546943,0.24041299827192453,0.08575087305710427,0.17754893723371268,0.6866824440496411,0.28997484320884537
0.5552988151420838,0.46535343103755455,0.44468621666520414,0.378812872344356,0.9710141128815974,0.5619545828493868,0.849601133060024,0.9728474370986827,0.90631277781588,0.6672130960627954,0.3493927497370283,0.8983986699097345,0.22784474623187145,0.0933653091190737,0.8061164223461226,0.8593970889740671,0.30000093527911587,0.8021194662991326,0.07420272261458893,0.6590129829025309,0.3033338412575233,0.09204500430176232,0.87169267130027,0.044204363051485784,0.9805628276815473,0.260842846587639,0.9459405490741414,0.29223087042760176,0.7452677030016172,0.8133049504694797,0.34110763236243413,0.5952673586045963,0.6105283655924973,0.6568994327860488,0.16488831970040074,0.1298798308439998,0.4040859384322941,0.3149876143674978,0.62393899248725,0.24181811674282083,0.20683872699597983,0.6699468763034591,0.5203303736051434,0.40026317219702934,0.15123862731358872,0.7068520279392677,0.4897623391749012,0.7058658688615164,0.4014032681196734,0.8015602469649399
0.6320115985824177,0.22301021031859158,0.9030568510497446,0.969598120673816,0.6121263795619771,0.28132294912247435,0.9124526551873864,0.2539428681851358,0.7767997719504127,0.7829013368443546,0.7037878555076975,0.47677848348453933,0.02544060452936947,0.7158361453919575,0.9691083266795586,0.1057697635670154,0.7327157426123617,0.08653330004250359,0.712409617961615,0.7792981038339452,0.7848801884366965,0.48515419921641767,0.18464278007606205,0.8479320493292456,0.1122577860003825,0.10674699651138497,0.06964782300802741,0.26490725911997737,0.7961967376295253,0.7074985982352082,0.48238230328370213,0.6908505051697488,0.7588238699717245,0.9156771050446699,0.04396450276264208,0.07175965920107874,0.08280196991043043,0.8486880575982149,0.19239237396613207,0.046060934692576216,0.15431525709497484,0.01510316494956987,0.15759069547439464,0.2945743043721847,0.4800934203891368,0.7107856170838517,0.016576473299694028,0.336405276933992,0.5785388543428206,0.6451475174229656
0.6222500861374843,0.7219025642860253,0.06348950948033794,0.6770552053742019,0.9171487591894245,0.819723272522794,0.7489698513856743,0.5990912587754323,0.39356246334612677,0.9625750144136479,0.4069022272157816,0.9318017435679011,0.6921144257177877,0.7801207898698869,0.3457226095187229,0.4216313498186999,0.1277796007228177,0.881287490320283,0.5698898295632372,0.6645221858489518,0.5797572308621737,0.9246952193522555,0.6815653228467146,0.9309844912238672,0.5836126177221113,0.12119523912156993,0.23425167874381914,0.38412719305607157,0.3156148452294588,0.16643201554919973,0.5658952412972673,0.3693786084634151,0.8163916692106483,0.01855782265064665,0.34899581916241584,0.23253949514799477,0.5160426797600923,0.16159554957588051,0.3790131626780462,0.9262177128561759,0.45785720369133664,0.6505691454868455,0.03815837957393753,0.26808659286371805,0.28102785882862835,0.7888481732896698,0.9782067838765488,0.745165376357113,0.9846264568538963,0.9080886092856801
0.543458468264009,0.9136700882663258,0.24043895895560607,0.5175703617148579,0.7411255457665088,0.6294105647845966,0.6742513361509657,0.4944296416671041,0.7010039537083449,0.4866626965061437,0.03909320907673708,0.7413577291152538,0.4179463788703094,0.500630665428016,0.6748313949250876,0.6771982909195692,0.10908301655894093,0.16652308363401913,0.6263053321590553,0.6733326629976085,0.8828070594776476,0.3330450387714309,0.7265969848769374,0.04442103420395971,0.6650750869306211,0.9657406151266745,0.8092388540187783,0.14047464125208897,0.24444974185359125,0.9584838859416014,0.0025684653953949033,0.9134537716284178,0.159195929213218,0.3038227958101146,0.7517200940700743,0.7410164321470036,0.3695560970106829,0.8406177583010406,0.3164402459956026,0.5964634651000894,0.793786362222073,0.8815776344421925,0.5464667267224963,0.10986803487913188,0.42490060152294595,0.3463403221024888,0.04171876839273625,0.4252410551834793,0.736288293827231,0.4207683857261906
0.9502561096527666,0.5166850240484807,0.9862711009869,0.8170488732007831,0.2194519191781269,0.30668692207324233,0.7431476930962997,0.25529916850090695,0.39496596289443864,0.7559081424184195,0.7918662702693855,0.4825980177494319,0.04388871946181605,0.8296154855035324,0.5846000021589348,0.6012550061716111,0.8606789058878638,0.4518198425990816,0.8721047775933802,0.38746473821971017,0.6282276402785615,0.9706827911282638,0.9530547795380139,0.667093768831562,0.4725067624013032,0.7831610814703523,0.02612872594813831,0.7926557115129247,0.3754735733563923,0.8884113742502469,0.7319691431421456,0.3363083120007824,0.3815058976682246,0.042250832737069755,0.045919050557241325,0.04667625476011783,0.5665927247446482,0.39482737524329536,0.009731844468563788,0.623549088988523,0.42806838927278357,0.3729011835116043,0.590005603387894,0.7782988068937394,0.530436178311284,0.5115798615137298,0.553847883253786,0.2437406542749262,0.4012933976545354,0.8440153359770874
0.09859654745818247,0.3500550240992053,0.13518121464011879,0.6070742933124319,0.027842412584912934,0.851822522691859,0.6986763976890743,0.05149150470052888,0.03412679136115582,0.09549497094733161,0.4558214277011047,0.16533295055156727,0.7192726663378847,0.1962535541140874,0.6688639803902723,0.40008942441551454,0.7632694214301939,0.10176864301034272,0.432685164968755,0.389144514402224,0.16429570009530226,0.34134024255071926,0.3418430087602019,0.27285619833855246,0.8911625751654858,0.7555621358442308,0.9579510078473418,0.19260433957733303,0.7599686900154288,0.6189993346268691,0.8546270363755015,0.009748379822083098,0.7430885944014136,0.49354649396186656,0.20741720514865924,0.47641193622497546,0.20238773046315983,0.9527786492329425,0.6572489171530997,0.7635739595761375,0.345086603702907,0.42245397748711977,0.7562369824858015,0.4916332713452156,0.27212010863742675,0.5335948518293208,0.3253499333326859,0.2982251097261438,0.054808674803419444,0.13551507626010006
0.357461438405561,0.9147426006050577,0.46669442138864403,0.3777862178900764,0.055522869634959116,0.045873625870961,0.37136815494114306,0.7718898082301595,0.1300967522059353,0.1624825193082584,0.38324124445072094,0.6738438643096698,0.7003040586281715,0.07815511785050955,0.8200504655913957,0.9491668521682339,0.4904663616075453,0.34486225855597186,0.3103924151106311,0.062094806873761565,0.8271165004146875,0.9643356870219488,0.19664313806481504,0.0452270713141848,0.313314955442356,0.02232710554502193,0.5764982354918874,0.8873572415167827,0.10042228894781946,0.7211960548792616,0.8876567721140913,0.6242893865515956,0.33146643548790466,0.30018732271722914,0.980047068276143,0.6436909147769633,0.9633182498009681,0.6151904944904708,0.481711497051013,0.841042853726583,0.69692557607473,0.5602811353738757,0.6193646133566387,0.48938036327186174,0.5758142359630474,0.46522954101208525,0.29425245132225153,0.9837275221961498,0.8189314789966424,0.4744962783568999
0.4326958747021775,0.9915318847619516,0.20562445007746344,0.19551938969403548,0.6416252139577732,0.34357632765185797,0.3044151061218776,0.1912259241026214,0.13369916021107375,0.9380613667901623,0.2606229570488431,0.6795126273121308,0.3636166002982216,0.3909256881165615,0.1671055869286916,0.22278705908906737,0.6685117943772915,0.9864038417070878,0.9338966172441638,0.22566609755172717,0.7685311277670444,0.41669340808636024,0.7739834708082651,0.8496197834720367,0.872352878647232,0.4205512247815164,0.6427375258407851,0.11279780233813541,0.9806226166444694,0.5700280783566075,0.47723319291276456,0.26448538879223515,0.22180065420936712,0.540962484441811,0.6668798635552882,0.18134308628797058,0.4953440782614671,0.8632075302642555,0.5139588394887105,0.3628943096551227,0.8842115003959005,0.2565268979909582,0.2446400291067401,0.8663549283709668,0.7778948305566394,0.6431804531562105,0.4269024136585884,0.20557206129982797,0.6662252779449405,0.500448016705291
0.7010241300484927,0.6516578549109785,0.33563005756330444,0.4393069674359793,0.7829255581481528,0.2133725266198372,0.3059494911389452,0.9349735253919835,0.9437724396407361,0.002909262871443885,0.45813886482975374,0.19824485252280333,0.06940606463855692,0.026841705929471327,0.32876079512801304,0.6642975604484485,0.01717715665481334,0.3793753542844498,0.028357269172264887,0.4153302194569186,0.029026108573972587,0.585247905665896,0.9537243546251573,0.9879375023552586,0.18370025035218085,0.10084120985933509,0.560599430057096,0.7503888081801754,0.7712511396845763,0.23759726680895754,0.17865660122900673,0.6848011133389601,0.6636746763209929,0.6226301005311924,0.719967961590763,0.8905790999631877,0.4027501352968528,0.5503953082811921,0.20619673001826733,0.8400590955247256,0.5107742848614542,0.9225909960007523,0.232670020715669,0.46233639883660604,0.7224775091543727,0.3052770275401052,0.601531670022072,0.1258302204587517,0.3351782826935644,0.315297393219914
0.49105875861891823,0.39536650118877914,0.8572950425970519,0.8900318813810257,0.2607260192904287,0.4920944993899824,0.5051631727421655,0.6120174143694126,0.5020615218532583,0.732253113147594,0.3600400752709916,0.7706892957002611,0.9324997084191201,0.011369773706088604,0.7098960904792853,0.9404339006857555,0.6752136872818154,0.5838353773260702,0.02823462971943458,0.7360447078817243,0.056571738307882646,0.2634493144684831,0.527952676503288,0.677935604731888,0.6991548973337323,0.3651586949216935,0.23732124708084357,0.2546748859867173,0.665926984594601,0.059904498218173785,0.802787779798548,0.37821017697307124,0.508539439194465,0.036286026456916476,0.35457047253684615,0.6415700448178261,0.7689950233749724,0.817583935146057,0.2909909555599758,0.3653273461497959,0.7843631635406481,0.9740995715887173,0.6343832735619543,0.3568789087812051,0.6664029386222984,0.8812729047378676,0.6200992898013339,0.6943314408217072,0.1991199239355158,0.07496146019056504
0.979886548545442,0.9227263638460367,0.04235915174387417,0.024670610939772963,0.10776846848130439,0.0978409278994522,0.21950897879079556,0.8810128852489962,0.29457252102169096,0.8716882606034969,0.758702246690836,0.4305709950611579,0.12496619791415298,0.1866360216330779,0.7786139260806897,0.35034643886034256,0.20114481049330535,0.678329515173073,0.7260329440370548,0.3217351223153866,0.8343321512175065,0.4705873939634949,0.5034889558808018,0.695300369126739,0.15582702438617613,0.8097844310314075,0.5947764306279951,0.08911705308517415,0.6292297798569391,0.6081807547427586,0.10800698301118505,0.6144075417803035,0.5391433994867086,0.3968134067707042,0.19955010756172709,0.37083665530581833,0.6543025251805669,0.09938638193091187,0.7126985924721609,0.36545901488845023,0.7579077921920562,0.7087695468565741,0.7208811683154877,0.36899575693947495,0.8612125038673817,0.9982486810940359,0.6789378637305923,0.03411288985672367,0.45276153934186825,0.05680072209932352
0.41260812936866553,0.5622038918160758,0.09745450335183681,0.26044227606512593,0.9288511920238137,0.9631506270221206,0.03834996444512362,0.3589538177768833,0.9110582576534637,0.46632299264594756,0.7905016472374767,0.3350074746922902,0.41872556234249647,0.3678504284279961,0.5879834539463064,0.11672359214461536,0.6712114636149408,0.6953333182915645,0.26398089393091817,0.9809236700047022,0.867897623550504,0.28279094230688273,0.7358677641171195,0.505850447532992,0.42212000458890364,0.3825926161484461,0.685607945001221,0.9157705984144427,0.8076590335017088,0.07565867214059863,0.22792179560213777,0.26941336607866073,0.13380110539705925,0.46354389830153053,0.8245409033181154,0.23450857187565088,0.6416332794472082,0.1650447763108307,0.5942635234051187,0.6214497708358018,0.9034206911712938,0.7431361048101613,0.6414711032873033,0.6555977272384026,0.8643171097448441,0.03766209042690527,0.8642866489857685,0.7352854783774523,0.5255294372368527,0.3959329777761874
0.38936851446177645,0.21483705938560105,0.5198413219435242,0.45567063449494416,0.25443966891627523,0.9424339488145702,0.5601138688112277,0.00793780555416268,0.8337385688254215,0.4605623769688896,0.07365492180250188,0.6844915113930031,0.5844603440839143,0.5184350544821565,0.17189413328476877,0.08463467710276673,0.6742224434728279,0.8763305035022794,0.4097646538395039,0.036278129783346214,0.07969197939521877,0.5459371131079874,0.0068610356725923305,0.5517959788397588,0.3767251220800807,0.20958153679487568,0.015377149289145353,0.2634007156088676,0.4073510201360604,0.5694295033137803,0.5956450746037241,0.3887547876512002,0.34282815868766725,0.10301729634609158,0.06493143054348738,0.8302208157507749,0.3216262253499804,0.54099044434028,0.4702060372810779,0.7526332495851837,0.8648239739920007,0.7778578342331434,0.5274577891113061,0.22017949518691626,0.8855947701187458,0.46782277515341164,0.38236091954581697,0.4452797155647594,0.5749927395213109,0.676365738362014
0.7966172535059017,0.3562520738742784,0.6575086678069434,0.4747108520162415,0.2665025271936182,0.5805627335245815,0.9970731604058257,0.39433122508496743,0.9640970386574788,0.6760916052618914,0.9331921227788043,0.3535643300343998,0.8882218685934503,0.7231071330066178,0.9939472610388062,0.7851467257935703,0.4382798221147979,0.26887981571155506,0.8803821605198299,0.6827346030418091,0.9262419825762577,0.8166925002210068,0.2724096463625708,0.07217386310289087,0.5864872920885277,0.8593938720830608,0.9124953159757884,0.008038073316812833,0.5047185949671894,0.8836506022501737,0.8363067489004783,0.048528836857006374,0.2053218471114987,0.06036214964211917,0.09056252820998001,0.6064392283862797,0.6273867621313275,0.5151619891718863,0.36425667864560896,0.5033684479419983,0.7248893428999631,0.42475864244959827,0.8533636793642877,0.5359456854672972,0.32970139948418486,0.5609304265786954,0.09914534152189514,0.9404743950533456,0.5140907222003764,0.16870997711551872
0.5037015490100255,0.9399282427064881,0.5204134407888488,0.12850656783014136,0.027515042382138866,0.36412611425376995,0.5343726879095978,0.5381266658415584,0.1550373956650558,0.0742448433382219,0.19173640064240616,0.41490736694762576,0.7370575494756961,0.25608715328434817,0.24072144908654924,0.5392416831557404,0.47033324819093925,0.19538492434287758,0.2580857452609031,0.6266616028359239,0.21964681822795884,0.5871189237742329,0.537453848449144,0.4872181347812278,0.738232429604793,0.24973929699237252,0.28756670940331963,0.7646426721688873,0.026592033516768865,0.7810814332854702,0.6070937007960284,0.9967453461279719,0.8897882572192987,0.22952728792334587,0.8368596784236697,0.9615210940819106,0.8891427961188172,0.5935226304915863,0.6366544283424487,0.5116034560869354,0.7825860080406395,0.5706087666351983,0.1366771931357359,0.7517394978895111,0.4531410694644259,0.40935040252471677,0.07046279533929578,0.06538413708863056,0.9958758598638385,0.1522976479166792
0.526507336942715,0.2943735225631481,0.09563792286795458,0.6414560272325689,0.6690769854606858,0.6017633176229454,0.8723486292047113,0.20013413183489615,0.9541765535154738,0.7563071720952392,0.43745521627642536,0.5757713887019396,0.5787917888337579,0.23555314859558762,0.23698121504099934,0.09308073538580552,0.22658141826499134,0.6466178524901816,0.8416113048322217,0.7269104395437072,0.8067466072452176,0.4051684792347632,0.5269725972391216,0.012050284670019562,0.5838800721330674,0.4023360707019664,0.5869080751654624,0.6905181279678129,0.5835816284903675,0.9767692935236493,0.16770522037813973,0.27108967553471053,0.8055020804103843,0.9453988542680415,0.8564400325778805,0.3856595107484222,0.2663106829066937,0.015541857265648495,0.29163945522934265,0.8999345257224666,0.9345666308080947,0.5126146329454839,0.25439823345056256,0.681364730045035,0.9478582741401673,0.07142790589899373,0.9605268051339969,0.31710365658608586,0.304650225752338,0.2418783504255666
0.4562275130966138,0.9293616237193775,0.5354037336943043,0.13415075203291393,0.5059879517144573,0.5131858255505888,0.6247287056340437,0.8331345581914342,0.017190405665819197,0.6219815740550036,0.9363784881244008,0.7629406128830525,0.09734234469788783,0.5245990795834343,0.9715832045684527,0.08443526168598858,0.20851078509294263,0.6327296523408819,0.4247957652765957,0.2853028101734746,0.6796410563704695,0.5830988928661467,0.2163998474268395,0.9368221060090227,0.7730733393341618,0.16116674956368238,0.3768971093149307,0.3259695460638603,0.9941699776153773,0.6643788913979746,0.37096836507892084,0.641536790552677,0.6844102993439014,0.6109346446192518,0.49811195850507395,0.9359658367029067,0.048634754848758566,0.13181416068953666,0.6663320087726191,0.355015265520243,0.44503857244387224,0.2050293165373992,0.33579231483504324,0.8486894445319898,0.4498632111455899,0.7332180942351495,0.2808640631603391,0.043162021666057204,0.10517773114956841,0.626557266035089
0.19227125111955579,0.7100783010586008,0.253739372253286,0.9676088725022016,0.40191565143595187,0.4658881289023096,0.6251957271448054,0.28305603652696376,0.8543685263114709,0.4940796842135874,0.8057160601669053,0.0745110566604853,0.2885361685623814,0.008002315802655757,0.05007067611962046,0.35383016095463227,0.16740199066683825,0.9218967450323547,0.866131254797633,0.24609308837582788,0.5557236693263695,0.41743750567275106,0.6315168666354414,0.7013049600043877,0.9022962425965264,0.12660763825269172,0.4860679668259199,0.9703093254474613,0.11597484096692978,0.7718542821451263,0.7456772730733612,0.8215914424537523,0.8677875323034329,0.22589824324044983,0.1068000507900354,0.042036096351669494,0.10254728274328584,0.7947902187190132,0.2444174374794299,0.5225676216754775,0.6911464734652571,0.1017226992017507,0.2595669516006366,0.9090709698079985,0.6985814768763579,0.8695716759212693,0.18972264415122464,0.6942962050622735,0.21763252941639666,0.01284689726373045
0.4581265594186932,0.3365960891970734,0.1467764626424254,0.8980773325786701,0.13885699250482808,0.7017206724351235,0.556399751851303,0.970160677724597,0.4315243811780408,0.33249343253507435,0.6762712399252669,0.23412050199431256,0.6571387852647352,0.8391776531819778,0.7551354750171825,0.9979958248353371,0.4701738795364886,0.1024524790187068,0.2013130529963031,0.9330837476079923,0.8060757369747358,0.42417066997725483,0.00585199029005945,0.5037807643602593,0.28532386007911426,0.09417110960680164,0.3468959505532634,0.7596776717830054,0.9559772968922039,0.7513081896844557,0.6013772896892919,0.6623247699921867,0.8801297428872482,0.18852269161657265,0.4700176367134702,0.16922806379928745,0.008404653300389087,0.9587546727556918,0.11733856509796359,0.02454631988898681,0.1504598895533138,0.38090535165733475,0.5634040143029726,0.15030502244363242,0.5277579643428636,0.9085324526848759,0.6170225848705463,0.5245737265408408,0.024525188031841005,0.02886397905478555
0.34719050967875853,0.5359279222482938,0.09656484340121863,0.7901388701223648,0.9997178180872373,0.18293775787361244,0.8649503089164633,0.14466199682449243,0.5375867005433649,0.5813977664050071,0.13160422199949584,0.033120548631826785,0.00689550466403932,0.8238862400307093,0.7849103334616672,0.2552157998957969,0.7668442096626855,0.8523438848743707,0.20462492241533303,0.5159100497412626,0.4296782336052726,0.30949965081357433,0.2556077676221147,0.9249334948318698,0.5515395168869042,0.6444592870450212,0.22053585661992436,0.6927279556481056,0.15721433651985972,0.995866110117705,0.9960737555454204,0.1863489524413503,0.32129899999696887,0.08756723156640378,0.2798316363103803,0.2515892698126232,0.9630507504546534,0.48487564638059066,0.2732097791858673,0.8063022909637542,0.8021533762121226,0.48812861816177777,0.4483985339046884,0.5173468850683851,0.907897937877172,0.21659529164038416,0.22692148865361061,0.8043982612307077,0.9503478201820931,0.04310609681430888
0.47471117303877486,0.28170400620099056,0.6277125414319135,0.8061505814499937,0.8780457136745907,0.9721902646558163,0.31571735279398583,0.5491484311046658,0.2098095070859567,0.3377248804079809,0.368146842785142,0.3103211701337725,0.4501100321605461,0.5169061800929103,0.40405887702149934,0.44393543209462183,0.12803498283599934,0.11912466727145465,0.6436600108760061,0.3476896275413143,0.5442494777299515,0.5032682022795171,0.6868729390573786,0.18324130208654732,0.7167376718575137,0.9690518438846089,0.32543528470053895,0.8050653565258866,0.9118964944129136,0.8310947018787094,0.7646942424394991,0.8191451503796789,0.693931740127238,0.8839495674753884,0.6236305655147988,0.852975125657579,0.21342223935949722,0.6610475323622089,0.009951008362915736,0.8899488805016035,0.28489130636894044,0.5531183694605665,0.5069190748542028,0.9163987719811206,0.6582512261776198,0.7252402538582491,0.9075917592417423,0.2776746850324212,0.6652922213697825,0.38149605814964926
0.9453363469441853,0.962986907457878,0.022121043031897103,0.9241249113298435,0.17817281390697026,0.5540445709663434,0.9429292804656128,0.5739942716230066,0.5268702814989334,0.26017014275865913,0.7920892799338147,0.4376758278675861,0.5825686168883052,0.05688915618459789,0.5230370733447416,0.7946155585266665,0.8622408290086294,0.5577377057466503,0.6099361123690837,0.9185172186955326,0.10727736127999643,0.8173914869311909,0.02541533541223384,0.9496081235825462,0.3700043211457186,0.007150513727576913,0.6222307734668617,0.015060716410871033,0.78185324047691,0.5916691231711526,0.4583562807937338,0.1420971748507689,0.987490830292953,0.7815894943791754,0.3631848701018823,0.7659517008395025,0.35289394854954415,0.9597070741538595,0.5166032820362544,0.7276616289790487,0.09803258262626102,0.288916726406068,0.4697894906667798,0.12705333858643675,0.12014908622430998,0.04280220495467335,0.8081894875512574,0.17333976084610025,0.6387955029955333,0.7508829432847398
0.863215622449031,0.8613165958060622,0.8428394039867234,0.03729925068442286,0.7205454852822928,0.8976798586611248,0.4018148658198928,0.4484919936072266,0.6566222798984581,0.94622306747271,0.6091660115890581,0.5456980645632831,0.3957540742105453,0.9394186887546399,0.6119227161246787,0.5863362316511657,0.8460992885114482,0.6452854234180475,0.6604424061104278,0.5937904176053749,0.8147052329644519,0.8784224759426771,0.4251132261306747,0.03551650181046073,0.9377331766052475,0.4436381281849676,0.22836305733008821,0.41921897113109974,0.7061203770493545,0.14465389311240118,0.13404987808904745,0.7585343121792397,0.6756873188737996,0.6411549727355854,0.3574705660601508,0.4620603972937881,0.8379617837078543,0.9431247189736608,0.4894920552517569,0.6429351158318439,0.08056836433598868,0.5778631253147413,0.06940925919405228,0.07392782868659964,0.16415570397897294,0.7017212610854473,0.3663403549700348,0.14638559892740244,0.9551861702740309,0.34971427015754597
0.5992897706680709,0.751500561219384,0.7991382199917088,0.7212499772871013,0.6593247615395658,0.4345748044634641,0.46000244009055646,0.24914950175075046,0.911851385632413,0.17899335888343415,0.833988155109923,0.9858539700863066,0.0005950453598151384,0.0894780237042695,0.2894427975012468,0.10240283052242594,0.18917920360828466,0.9537696381982594,0.20598381872534588,0.6998111571932165,0.20213098075434466,0.5855975776495106,0.7721455406402581,0.35912978472298607,0.06700738588032396,0.22992266408962647,0.8340694880542651,0.8770881439278122,0.8717317612274438,0.6135640490928895,0.29352523801261843,0.17612362969093154,0.7034421987328983,0.22907001835344876,0.18647016241183723,0.6551237098473642,0.7558437804045407,0.23752368338886098,0.8748185873245327,0.19085706858701512,0.02515196950872789,0.09679933929779505,0.3936993835253745,0.7750026634772679,0.5244610584763667,0.40989221090795036,0.9175399767366734,0.5032249992720298,0.2034450111339423,0.18838508806629384
0.7169164482348572,0.2934223121625067,0.26853433022343787,0.101582257013762,0.055274810017209464,0.29643708345440034,0.10566371887622472,0.09086361550832978,0.5771067058356116,0.22413870116293555,0.7331046916262223,0.2501554914574119,0.8228731266752176,0.7088747966227354,0.12810295884489964,0.20706645903797016,0.7879916314145624,0.8917507546100298,0.35642595590445536,0.08128026064397009,0.38482425087024974,0.8019977755284479,0.04081308985611809,0.5377742972315017,0.7947144803256695,0.8529494799067242,0.9208078901040242,0.8019966653733488,0.7514035445479607,0.7127793758291661,0.14951449116654714,0.862258567416929,0.21311653434347133,0.3334817313250732,0.04596274888439689,0.5277195024374056,0.6550450332632365,0.8325185455657518,0.6088521674179646,0.07433067996926701,0.15855142760045393,0.8814018624743295,0.7099802976496956,0.3296325417046564,0.20465544389680113,0.8642513204938511,0.09206476266689434,0.5783914714981578,0.5060156073176046,0.9644776917662269
0.19802727926293562,0.9979641650867813,0.28096247046831957,0.7424358391221787,0.4801323153385454,0.6973675599773101,0.8719142847291218,0.8446128049873212,0.7409399275719232,0.307928361831205,0.1093238880739189,0.9349175182114092,0.48583027689452163,0.708250310766588,0.2744711738565403,0.5640069792151897,0.7516331077694219,0.36669035760750435,0.4225121932935286,0.02616520525205257,0.9785178186236206,0.2649097715863371,0.23577815546661984,0.6978446318759856,0.9865088632043664,0.6492934350304838,0.5935928602925941,0.8686471911848374,0.3552405738165686,0.9642158590210712,0.3057236569679763,0.815209316387193,0.26307291943782074,0.23991500136103305,0.6765072355873053,0.3310274994575426,0.3036155517821695,0.7510039068272925,0.5954963312667048,0.11876812702064077,0.9919835726460392,0.28054460077545995,0.05450022122355591,0.21322101548866812,0.41029182729682,0.4569719893862326,0.8998658578471004,0.23240309781320267,0.5030261428286679,0.5073154292292125
0.18605949225043272,0.9605510428491112,0.4238151185207737,0.28122172759744823,0.807346083042922,0.10094073664300462,0.02343628650681684,0.23643268894282043,0.23380073464305173,0.42759375536651034,0.20851340462025747,0.6038732488841498,0.868817216663705,0.40688879138465306,0.7979991144959792,0.4853509104291748,0.9868266014495902,0.8020678471945147,0.33694658604246885,0.5391558800258712,0.16700619269992523,0.19082359399603332,0.9756636761638146,0.988288567198995,0.5761349576970722,0.9483131447102436,0.22800635557725124,0.601550416444995,0.3479817178736546,0.7583676400516097,0.4456909983558178,0.03320616393570541,0.60391212749968,0.658952200627902,0.44434740230729075,0.20833100455174447,0.800293525021333,0.4795811965837278,0.9318880699073218,0.8450424820655495,0.5690355992499272,0.533905042846152,0.710941500129419,0.8525629819641132,0.3826534749743412,0.47060794423448826,0.1548776368731628,0.053097371488357914,0.9951886951346494,0.18856555220134352
0.1328186952981496,0.37847284242116397,0.935616092403246,0.2783207633064575,0.3716592494677259,0.14139070004860455,0.46323144856959,0.058193556027007265,0.5333070945544068,0.926001026156459,0.4140178757087457,0.6557690714273772,0.2642479876834881,0.14654859993492642,0.9685910334733436,0.9395675282263057,0.3003864907444105,0.5007492994098005,0.9555224730042412,0.3056317103532915,0.1539371626446362,0.27456257232016823,0.10273898436739404,0.0780166260019749,0.6912556309714687,0.5933564389390098,0.86320478608273,0.6605180779895096,0.5157628850033793,0.3661334854311319,0.7109899863983006,0.47002571085737876,0.23018327586168497,0.6061453514044434,0.34823559604922705,0.4938585751825656,0.35901702295850946,0.4991263592805867,0.8991847582960253,0.3427259946182095,0.6428923296798391,0.3198668677624895,0.35892683952265747,0.26728381860579775,0.9235830292760719,0.9384657847779622,0.46699292248190594,0.037342882257651144,0.6322538369733993,0.2178461986324185
0.9024235094141364,0.8375848935002626,0.8230655469547674,0.7872231162445037,0.32619789420799794,0.5731901618396942,0.6902449668693456,0.33924869758742293,0.07544734215828874,0.6335484992511793,0.1574313087265421,0.7929350117898485,0.9267103488177405,0.17065672668162923,0.34969626041365864,0.6679005941610417,0.07001778156532945,0.22113256657214286,0.8013037753440762,0.21480432888683065,0.18692031157686206,0.7240782611694584,0.6697568565695433,0.6339414732176305,0.04193139259094725,0.939389623130674,0.3105113068053489,0.801205548242091,0.8931811652471268,0.09391719552151223,0.4500551204604303,0.5927505288871338,0.9848780295175755,0.5186783292956242,0.9178576041420887,0.039213667706172184,0.7832467216337243,0.3394200576043914,0.10727334048487291,0.6563667659125705,0.717929762470152,0.40324807027313614,0.7510012542977154,0.5391994991091005,0.08665485801505146,0.9781293796580396,0.9592363082947734,0.37988703075669894,0.6284900455675811,0.6385243600429422
0.7568306515690333,0.549390114214879,0.08150338355120201,0.06696833351362874,0.5360809657083919,0.19351125124521396,0.9230941231633067,0.08773187182073017,0.6511936359977765,0.16343023183014027,0.8016641066242036,0.8165764964896096,0.5957480390350598,0.9710434456861665,0.22601241644584535,0.12894890535053527,0.9740156374405315,0.3850648601073746,0.04219632697414333,0.6249876124938507,0.8868342311011498,0.3281766632452593,0.96092709952371,0.2143577684337027,0.9349305123462186,0.9445718126933914,0.33347613336031723,0.7746347520549655,0.06688274845094078,0.09381617798311725,0.15250311236019165,0.049558062327740515,0.6094696699693488,0.9847069151593016,0.3219143153187466,0.8467866503784769,0.8095056415684198,0.7312669606236404,0.5270215506641154,0.25031883142200506,0.40982498718976756,0.8405746495987017,0.8778111787742441,0.6112626519925204,0.12084780451368615,0.2735411462966275,0.17120254628960874,0.7623111007684137,0.7574096621118339,0.6252707995429099
0.933130936664803,0.26851355157835066,0.8067025837721432,0.10328878791458551,0.30219597744217963,0.4890267497381381,0.12088609984332932,0.2016594989260173,0.504172580903077,0.8039497457457351,0.350670483131572,0.5512359280722842,0.18216048407197782,0.44173605254431825,0.3381066841335656,0.40809066715242415,0.11259781439448202,0.7615463495564341,0.7213581741012438,0.23108325916657757,0.738529996659935,0.1543937536016814,0.6822932872910598,0.467793211713748,0.10963197775894906,0.4370672097455588,0.8675213408360264,0.1510975018841184,0.3702835528283289,0.18651568139868246,0.11513786460366571,0.25024087025048014,0.24686227796583704,0.8381282490931535,0.5273457563599266,0.3623436923069048,0.657492533909036,0.5505593310068575,0.7702800986339968,0.5307856323857727,0.5634297542647548,0.6950452330387036,0.5902777052539373,0.7518509436967072,0.36541633962349296,0.3365452783653916,0.5381568020037311,0.9480807052098862,0.4360494057954144,0.6748588343799357
0.5617354777700796,0.8720662710972613,0.516747958565039,0.9777995037471634,0.895773601550296,0.7590516251981675,0.8973806677373644,0.45221031339262774,0.8268499473073667,0.8325703116139607,0.3909187793972343,0.5205738209241,0.15315767156485627,0.7809561528973132,0.3631371486713172,0.7730060274507206,0.2504062419082682,0.6073613915939418,0.1280327887552819,0.6905298438458669,0.23538515981906727,0.06472794826174255,0.5708979980305467,0.7854952811561917,0.916836756014656,0.5183660560984826,0.6796428030036167,0.791599145886466,0.6730334683871603,0.7265756152810722,0.17883564766408588,0.5621700343351212,0.7823498568301717,0.13450051994327172,0.5043457483358621,0.3112267402556189,0.6100369588412313,0.03212215579919986,0.9773074441342681,0.4621449616799145,0.3385605236999215,0.18999820178792115,0.5365761730578749,0.06414718828269705,0.07349607034046768,0.831392979762937,0.4525705279860366,0.37556206169144246,0.3401171086360425,0.008522277033094716
0.6770399866131797,0.5649527857782233,0.8845440910368131,0.3862228327510002,0.42049692258138494,0.9644654305441802,0.7604745091738813,0.9468611460171312,0.2788552388381711,0.2042211531217999,0.8123989712531343,0.4239915914581448,0.45740080194339683,0.366877208579802,0.6905995013764261,0.2515228284987383,0.4035759657549851,0.5055524063714446,0.6162380714821172,0.22203521093535816,0.20319246344004116,0.04722442407895844,0.5214362384944353,0.08446388716113806,0.6462642696849968,0.3450308586487957,0.5079821148221135,0.25625124062180527,0.9412486583296785,0.8235976540647958,0.10266850098952174,0.7876791780563136,0.020988431252187745,0.34435552298658156,0.13602535782265046,0.5850582976818361,0.380140360399182,0.05317555174528843,0.39154435633947604,0.5014038951851121,0.06255809004916169,0.13792145539122758,0.7454962564607659,0.683481498962653,0.7972688361992301,0.03652188384661803,0.8936958086698538,0.221875402762987,0.07888255733837624,0.6939973699309747
0.18498059356023766,0.48404073347007825,0.30330345989917784,0.9562343397218445,0.2440587656270753,0.9771840590556736,0.4882065609550862,0.7049393019727922,0.45439866133692686,0.9730339953485003,0.8850497364555139,0.8020497210566938,0.26232284026348174,0.8564477796043802,0.6584711212796561,0.708087365086601,0.46791929909609065,0.985090984154666,0.22459851989138357,0.052407873424817786,0.5627493646247773,0.8826350259506329,0.2681486935031828,0.17020145452889168,0.10423761586430613,0.4104422151984989,0.4585517013099816,0.12385483753605342,0.7315889852739459,0.8354596250860127,0.35539271454035404,0.44044564942625575,0.7253746871222707,0.11644441040729125,0.513253789796727,0.454513981759083,0.3627705215729694,0.41387235745609985,0.22683714452587167,0.30876452786270736,0.049115555250857756,0.9054983983882964,0.3940352466876431,0.8901426919023283,0.9618883797671786,0.9932576376892822,0.06112614811600514,0.9211798987936696,0.49020006143684847,0.907946797590218
0.9660392029392998,0.873423888763878,0.8699497680830647,0.9715193463348188,0.24329087984103848,0.9416174448671241,0.6851224110704299,0.480942406816535,0.3774307446210732,0.5396867194187209,0.2156523627417083,0.013240388499876077,0.4655148389850934,0.2746358348931034,0.9650233380306243,0.2877394013360507,0.8480019108625704,0.4771509768613178,0.7702243054827739,0.9816518030595474,0.04259455430640857,0.043360371369329465,0.31901446887951523,0.4360240526199466,0.3601398576087901,0.4749710964642554,0.9191429218596591,0.45382653732187683,0.4890724919055369,0.4044758306978744,0.26591479451869704,0.1366296081192152,0.09205471586025249,0.304450832527272,0.39497113107764603,0.2459000286913866,0.6900720116302987,0.5323986153385102,0.4577368300334095,0.4093664795336842,0.9724790207811436,0.3453157694408737,0.4974765403904572,0.41138957054434355,0.24263432801787754,0.5349947837350403,0.18024808047327157,0.7523511643655327,0.8537215988969519,0.7795032713271577
0.43133038449528394,0.5277937183217298,0.5630231119875587,0.7828899873073778,0.9765231949425415,0.16635686296460517,0.051008190413839305,0.007075306043014429,0.3236790025926778,0.8056506177827891,0.35793777444013186,0.4751365626154811,0.009457600337106409,0.022076886543766383,0.6639382788792558,0.3217403010507671,0.7125533556795888,0.8094315528033537,0.3052767982077391,0.5271412557692544,0.45665479240354334,0.9653641793930251,0.738229573988595,0.11819510765186714,0.01930255517486479,0.7873431013572525,0.1874814807194103,0.7899137479279341,0.23212088942252185,0.022377596867741434,0.13171700095336503,0.43102268276367883,0.0757595764977772,0.10408864706846166,0.5824813898363891,0.5359471965075975,0.6945620940503794,0.03816068616196211,0.9072045212071531,0.6518852762959777,0.7518831618118705,0.8600147087638159,0.349233719134734,0.30022413837927997,0.4639710140484604,0.5259728018163031,0.4784257506796735,0.4067596895957062,0.4100315447090539,0.8296461896280042
0.1188424790834115,0.3200496584438355,0.922379037301124,0.2831024879816756,0.4664204487169533,0.35337380223137016,0.8499231339236228,0.9000311677045525,0.7932686146055155,0.36625791932150453,0.7291681928095586,0.7912369945729504,0.7805020791455108,0.20351479968659225,0.8429856816472846,0.08725609684616586,0.9081363944665158,0.8830201982300575,0.011064431155197951,0.20242452077835726,0.8616610825101108,0.44386714223520995,0.5832055863870096,0.9019500736829885,0.6800766091270353,0.04064357461124246,0.34843079177863223,0.1490456871358975,0.12605719917010827,0.8387572603042367,0.16853865361818055,0.9219106175507148,0.4985434128388526,0.22580274170093073,0.8337084294395408,0.9999099781876347,0.195276529325632,0.04250141454537881,0.8882952321343344,0.11438387713639853,0.7612342761387544,0.05024705740772939,0.28098172728298487,0.8189322449934275,0.7230126400412972,0.09077108355459895,0.2750967916279454,0.6190011072459723,0.4299816305264933,0.4614315385068689
0.10404265345080876,0.6977156886407259,0.7910185791986223,0.3452507979715159,0.9800719225866776,0.7521520871908866,0.1608611830589164,0.12359056246057543,0.1523144798628523,0.5941560856343945,0.7546951502234381,0.9751138738626334,0.27215731074861094,0.691959100409035,0.35616707871924735,0.1965309201623493,0.7777278065837353,0.08621698099216868,0.40052334326305805,0.6038276454166603,0.9382231746387607,0.8210259735491688,0.22558966106192346,0.7752279897067349,0.5192273460306325,0.5178993853827449,0.8678629307018809,0.5353723352725184,0.8725451431970408,0.16763278354766098,0.5196447277909667,0.6277596532717608,0.36580063822789755,0.011733735535699674,0.6166121836516305,0.7534374236764182,0.9692446211553374,0.04993972821853532,0.2623819577503247,0.5684873603480776,0.9127762494367254,0.0896960528943812,0.6077512672460659,0.7412359568089677,0.6182537247769053,0.8245560921899486,0.1575621420236547,0.9803461893243262,0.4679787535701866,0.5792690849656624
0.9749688535344446,0.6006946708423059,0.993323895504205,0.8715582105963902,0.13185570765865706,0.8039020165473814,0.1191689864164962,0.9151311534104108,0.27218784495072523,0.7498413998821958,0.6399355882515558,0.638784198697937,0.10162328555930922,0.6796882047552261,0.8756872955649369,0.14599770701459036,0.6791363492308867,0.8097054700787045,0.21221965518801855,0.03084272498899643,0.9243394217248773,0.4142977412271689,0.15689651602905863,0.6538310005033384,0.9447483128920159,0.14641964561906906,0.8619840148588171,0.18007473477932912,0.9324561980220097,0.15203225139665866,0.21932886658875883,0.20187401491820278,0.0707487444059195,0.6305418390786754,0.0007143796264468261,0.07406502655319402,0.7081650189401966,0.6893482377288705,0.6887699953692129,0.9626724604004447,0.05171676612609655,0.440639285340341,0.9299234809694978,0.017513216570583245,0.9551180291035425,0.14890677880467074,0.2633305382749902,0.5449505597229704,0.8373471053780094,0.3047692474684499
0.009864911585481528,0.45083170877859513,0.739113912515816,0.3224296545738139,0.33567352167425335,0.05698389346168464,0.6818635807422343,0.5688512693600493,0.5631112569115193,0.23584560627916862,0.26303554258612183,0.9799763364826741,0.9645099213469006,0.20527903030925976,0.1277380853577147,0.6667102358644482,0.2272430270078064,0.8191965526684452,0.034494814431563325,0.13325222436835749,0.01144304519920436,0.1563904257661327,0.08180831610456873,0.5723233364698714,0.4729171230844357,0.34338218820858546,0.49607408026736655,0.149237733897278,0.990695033182637,0.9035930434407877,0.09638080866083154,0.39362532448274146,0.9206309252091037,0.11699820287419327,0.49042883983693686,0.05280003189596216,0.3696393799469164,0.8863224877453036,0.49852047841904756,0.15661740930690893,0.6737503654718524,0.8797845562909842,0.6196345796620448,0.1016319641106248,0.7371728486773973,0.21710311687581862,0.11151102427318238,0.15879941677214493,0.8455023846123444,0.2544865696356772
0.6137466840776283,0.976797217601039,0.5066360517228394,0.6592781188093427,0.5305514839696656,0.1958009251591507,0.6075508026152135,0.8773376376741996,0.533436165926112,0.60734101169117,0.597469705546483,0.07873948315010781,0.9034371944371347,0.4947556345841614,0.8376565367909804,0.3141074487903939,0.25199426077565257,0.3180994258038673,0.5870090796027063,0.5375122250806115,0.6348159646500324,0.5454324561196423,0.5902486229062565,0.3522047948753253,0.185151294158178,0.11355297382835527,0.41390758245320647,0.18892448692466235,0.9158557945821775,0.1819659528968468,0.4497178196541167,0.37041004427355995,0.21889030081269245,0.5581249238816828,0.6683292260577196,0.07952042433159656,0.5055186454984231,0.20924450600103772,0.9305225394341711,0.4968552494949242,0.002934726728893944,0.7396113776468236,0.06179764522465059,0.8977733017263021,0.03824561204280219,0.6039958141575318,0.5181122908930287,0.9837925885676897,0.632572525696847,0.7067308695473349
0.23025473126999385,0.82600650848519,0.44964091950233875,0.4042759652893415,0.9187728686213921,0.2939815632005627,0.49759566870098204,0.014349942895306667,0.5927345606170853,0.1366873967969312,0.4162468073313216,0.43293164538038376,0.4441352673721892,0.31846443851366457,0.18112317934790112,0.7899309926921405,0.7654282608694124,0.3166093117048422,0.1089267179845842,0.642471142981067,0.6563315465321279,0.2887856784574826,0.17426047944899403,0.39510396361351174,0.7501398777783076,0.5309014852495311,0.735773744428096,0.8139511419778563,0.8520486234997569,0.4084504467475194,0.21185141161969623,0.5501191285799703,0.7558317128683548,0.23245782400503212,0.9587564812657418,0.609982402910559,0.7162722184031207,0.04143771362368631,0.5940091389732539,0.40563292081623004,0.763055687377259,0.6225886868481716,0.17865466797414853,0.8419154368202809,0.0017132241893146327,0.40836192301616525,0.24561380080522155,0.34623700879649166,0.8623813785169535,0.8427309402574242
0.78926888677332,0.6136100209549222,0.6561362025532207,0.9094791303122993,0.732456827813516,0.5341462151311854,0.9829011560853563,0.1092909852150703,0.969948578685501,0.3157979261856916,0.250746053619854,0.5875694944699954,0.5388626394333552,0.8769825160937158,0.5397188299272628,0.8314901075098303,0.7469765794599247,0.22376574636230684,0.3453212294300595,0.07463534742172884,0.42834368675959056,0.8571372790270078,0.8465484539727179,0.07218637521525373,0.1668321272924902,0.4871630841545107,0.8194728494050004,0.8354639392396777,0.8312036054939563,0.13214891263658213,0.08100743783271536,0.7250626814272414,0.06883383769118001,0.8791542147533197,0.4412132985081949,0.36923380187513233,0.0008215633455219695,0.9682546223673725,0.28142588471281527,0.5793992682505753,0.7442280853830242,0.533213407692455,0.8551319712781114,0.3811269223328313,0.6314889417614622,0.2578191064169105,0.6375037160194809,0.736541388147011,0.2130143858990684,0.883767048123882
0.9529905165678868,0.11498402385152495,0.09402132139218344,0.6507801893396139,0.7489037771515195,0.48697401674245755,0.594613795972426,0.2261342849371577,0.8873371406223213,0.41187759481990416,0.4974329807820812,0.7439068314843962,0.19710224158055023,0.7095558288848098,0.7322116577592447,0.5256420267811912,0.5852917839844043,0.7652183074779497,0.6324749385087964,0.2117341111186568,0.5806366790274242,0.5996393968578292,0.4555930747297622,0.019559600192122106,0.19800122522462005,0.11827463030838081,0.2590266862396883,0.8115870756352781,0.04134586069059076,0.9757570408925282,0.3574278241027883,0.5148698674122184,0.7121478563553555,0.15756847404459462,0.47064753249234725,0.5328912737156237,0.8648983337574063,0.08043163282954635,0.009326712307526797,0.467800779496495,0.5064782627490036,0.6499361909514663,0.20677952434854896,0.708029530934508,0.5834327015354028,0.5575187715336444,0.5422193360281883,0.784247092370475,0.18130166225665145,0.5816282242118638
0.023047734153925248,0.7222908560787683,0.37079314771254834,0.5968684113133232,0.6311775110091269,0.3311808790413314,0.2702151322769626,0.5711656034753497,0.710510177305752,0.6079210015032345,0.38683463933169426,0.24000623060800041,0.654933884814419,0.3488254140874437,0.114986561709292,0.9227972629366217,0.3593022526012899,0.9841400073908568,0.9849092266427198,0.3490639775367318,0.45524842304036983,0.15341358111942527,0.3058727119392177,0.17965159733540115,0.3924861755118678,0.9491998248486746,0.9656393887966218,0.968165309421484,0.04198250583443053,0.7412434210232969,0.5874577305668534,0.8298820497814923,0.9685290361087278,0.018326578763786294,0.27603401090936985,0.09940705900078317,0.5684298065667069,0.3449700013079877,0.5637142236793616,0.782944553610412,0.22961750718139962,0.7610718724619701,0.28765566927518227,0.37722597884777864,0.5467867692352443,0.1535399904883029,0.6339902220089008,0.919641803160091,0.786743772215769,0.39009827128526586
0.5386361914212716,0.5132680077471294,0.7783546017090314,0.15711357213692678,0.31213183942853295,0.9836545501256461,0.7564586378382436,0.8120265001212953,0.8481109750821095,0.28657184592114804,0.11678061398954231,0.3769147032697948,0.3115419764918075,0.5244759765544491,0.5317358808994778,0.5839360940905655,0.0653731612024685,0.8571896606827987,0.17962315062328038,0.4031749459531737,0.24403595654885746,0.5716152664524055,0.4587810190253323,0.38570148319920206,0.32212754973709234,0.5667048369482829,0.9412443931586416,0.14346093599746934,0.30792056918467925,0.5684221697853298,0.05462381808714667,0.675977822627371,0.9832488862161849,0.49693364308598986,0.14522478099536096,0.17892322364117497,0.9830483737598702,0.9010078301910988,0.7118521673568294,0.34294861006388966,0.43037179287169347,0.9619012190574945,0.8759997008177686,0.48506084941195804,0.5362346708302791,0.9027747157306834,0.09945860777106741,0.8521314719131661,0.23971833801092068,0.0793833055180827
0.966386770684932,0.18937031654463943,0.3862414009002728,0.015278805246406568,0.3268151463695178,0.2546530359812449,0.657554669810869,0.480961034492175,0.27075786036405625,0.9036190542174871,0.9479799077236571,0.1010598061011393,0.48784170800033133,0.09835129915255136,0.4055415840154355,0.5810312131154658,0.6811247792106009,0.3114877678495591,0.9479360801666926,0.7560443234426429,0.3944614343596641,0.7058009412346415,0.09714330696242934,0.8374855099928294,0.5218112347739021,0.8120385931234042,0.7751422777659189,0.9228328452236753,0.3697938516359297,0.9401668741398499,0.06539379592251593,0.996835430676547,0.4989548926733878,0.13321579337083567,0.610320932155055,0.49012882161531535,0.3235441632916788,0.365711473060756,0.3296100494027676,0.40154547812709707,0.4471002986521483,0.1594072672328567,0.9950665881797812,0.037379326440208804,0.24276798497615093,0.7693248730387273,0.8956747199576183,0.9240686340735327,0.4353312841180115,0.3899303534340135
0.9492387252233574,0.12931808993895322,0.22314978447657208,0.5220313444796718,0.9215684870746182,0.20127269190290586,0.34113374226475346,0.9655368393437486,0.20101217495806611,0.6628574806836065,0.15367039153361095,0.2565630999701357,0.1260154493401583,0.19895176023532857,0.5485339050085191,0.3942216656919927,0.42752532001686416,0.6519960368888597,0.5062965917889941,0.17174057937299558,0.7576544581658416,0.7150739252987935,0.27490622412738797,0.16384725882486295,0.3012928333827365,0.33938257326739885,0.4016213919161753,0.24413749013272512,0.7647738569174477,0.29181202350589475,0.7026015870764459,0.7318887811392882,0.7911985068012583,0.1959891406095462,0.4545988357859946,0.9659952488510914,0.9381654442841391,0.7256396870477568,0.6944206830005163,0.026553616592783325,0.06454037905226706,0.9512690390220593,0.47464572621569767,0.479272092217629,0.28185510550184256,0.7427029283760349,0.5539222814240395,0.4163664610530897,0.6812077509409393,0.22413286437608937
0.5791055012191945,0.4848430833692554,0.06624779282830995,0.455349499534464,0.6408426659952675,0.5384242774961252,0.20402821645928448,0.8615099997053635,0.9567058945873199,0.5868743630689125,0.9018652351619669,0.814918800002237,0.5635053070668073,0.38372950150780516,0.6902882206638986,0.1455528527677148,0.9779007038259036,0.6816428675978178,0.7511134458687994,0.2112091326890818,0.4995323043802544,0.4720847332682615,0.6367897731523233,0.35177017094568774,0.18832977213382085,0.3690042331095149,0.811970859166869,0.10605951544465109,0.8319129417567129,0.33083594828922547,0.6260566999951308,0.3978513285598463,0.3297282843499416,0.22515068528436688,0.9141439784669728,0.05157052138309515,0.032706353474355576,0.7052549999796445,0.5618472775419083,0.3895674381608295,0.5679744036189366,0.1883979999844959,0.19365019892036317,0.8927989812110769,0.6419500548784741,0.06871868751954979,0.7049785506285761,0.8333575503776874,0.6853607071428248,0.10948331711062331
0.5852658859265566,0.575382409054816,0.3954316374395025,0.1324008681767358,0.13107696941895297,0.7304855098308409,0.14519528113538316,0.16497396727821367,0.08368726309352481,0.22149462231451922,0.4913226769047321,0.0878370858141353,0.28208044485570416,0.4483176400223403,0.2626586663645878,0.6678403119035466,0.45161221751022407,0.8863756717486732,0.32175447124496526,0.47610761278248004,0.5592828252183235,0.27864504688873126,0.440733111666356,0.9077000372100532,0.9328956209861144,0.3735761201536377,0.337828850880028,0.9467985288516848,0.6495029998115873,0.019870876447112495,0.33551376585471926,0.07198114505735131,0.13484300631220225,0.10593481568670426,0.8799809908389349,0.9448970587708533,0.3289416643883325,0.28862336838184766,0.7706488123524073,0.29446642810436385,0.08073027952815826,0.24620472210785682,0.23399966146514717,0.39605487427645225,0.8365205446528995,0.7486835189477361,0.4180405636340667,0.2602793690508518,0.8388436029475265,0.8869637290918007
0.5668435121625439,0.19664740323564112,0.1930055837358261,0.3649370918850323,0.016721926961013822,0.2245521516189134,0.5985356151674973,0.0988969003561736,0.25122100844453976,0.47961856399194835,0.23609856266871299,0.32928784617945117,0.533840820613105,0.0044795825564170055,0.2730797978770598,0.8569568283291737,0.026344309632714502,0.711308591374412,0.5571814042242801,0.46072193364686553,0.7387382782455024,0.8642559491685918,0.009673174254742678,0.6882516919710326,0.12689536584644068,0.9589464327536148,0.7655529210719411,0.7432231413123718,0.15080223454790098,0.003090024270429592,0.842609090833502,0.7361109315915616,0.052498688241536695,0.6430383652807184,0.456235070389599,0.9875433655793693,0.5359514563285915,0.9045985035179633,0.27618127057683495,0.883806831932088,0.570603190801445,0.9343855630534064,0.12976889327788843,0.49519189373208594,0.939904770776059,0.1816882979114055,0.6245237370550816,0.6896149318145391,0.4510667895952204,0.10636573999475929
0.459813423173529,0.37898270926165745,0.8151850389655225,0.10254643496924476,0.2551836732231495,0.7138407568261707,0.027152099137034313,0.5853606979122199,0.06892174337305912,0.3963324930750095,0.2489164522468621,0.42834528206395983,0.3526190717090052,0.40680316802421446,0.6730930354086656,0.361004671754788,0.3883831867690979,0.9391163209412022,0.23185139227603724,0.6648572888303483,0.9517287237937941,0.05437965143824064,0.7446851723593838,0.7914665817976422,0.9236245876337577,0.12076069307409465,0.26108315133645044,0.9405199816553985,0.22608033331506006,0.11375346777771667,0.780458111833321,0.0004204968248456842,0.6995304825048023,0.2532974850309978,0.8856245459955367,0.2706343443321896,0.7822851888409391,0.5900811375170886,0.8934566183675874,0.11041892476966386,0.241674594176853,0.1970708931316938,0.26052958764445433,0.7826388279262265,0.6803197484149421,0.4113704881660236,0.3442130450845826,0.33010117015723983,0.40040385160667036,0.964723375415643
0.8511973435776098,0.7253796571210448,0.4544862329187107,0.8246427234239797,0.45845245890430875,0.6492155622053174,0.34100824502919613,0.5811206740975469,0.2511580316550237,0.8610547579149629,0.3438073341870991,0.26063589575859913,0.37074672790577257,0.24222298151669786,0.5661610266609226,0.29579821029678954,0.20029973094451203,0.35071376809739396,0.29785437190009734,0.6380416956480178,0.3923350818367731,0.3579301741263081,0.06728725271759672,0.2427221335792048,0.8933383670818126,0.2876731832265458,0.7526813800476262,0.6034944689471885,0.0987275148077601,0.1474353525230382,0.18292649502534608,0.20430681485580193,0.6722428590166888,0.2639252079670835,0.23896193062323134,0.14441669525952527,0.2535327709017482,0.9050107165907227,0.8531303572275454,0.9965457049524676,0.4743032795049159,0.2673661548921371,0.3631515401088987,0.405632923036894,0.8196628290622778,0.029810072534024235,0.5430324467214893,0.17082006133524752,0.07928668606015088,0.2709271303810027
0.8160311103910232,0.5254053902011344,0.39785024346309994,0.8506074305772334,0.12735734275573263,0.22400695518126623,0.46857281542919027,0.08638893866105135,0.04398402369908094,0.058004991638837655,0.5315247041765923,0.652942531991008,0.2724350753096748,0.5970778685357657,0.7262356914614786,0.3825556762008707,0.6559032290318192,0.4882801515043991,0.7999597034679098,0.8251448329245158,0.5829737419151126,0.6645478280873358,0.05806735826819187,0.9246489700491004,0.8580469255379728,0.2708489005793059,0.427226916915036,0.6122516755372575,0.10692459620565054,0.33559979288905495,0.6117738335543075,0.5354220460526867,0.5369364560224955,0.8324315064516464,0.766528062457825,0.3933599677833435,0.0029437860799993443,0.6765730257502969,0.7994599967967244,0.3690869244489088,0.5453874330259612,0.43674431764228605,0.023876525536530524,0.9887502351862044,0.2706315919334946,0.9873034383833429,0.787523497737626,0.5323520854439461,0.18277798928225575,0.2445926462958965
0.6772128829395204,0.8524866578143462,0.780477249274015,0.7371245181784398,0.8942684155909693,0.892257890232565,0.5092992602522906,0.3768678656953851,0.09938642806364739,0.5552713528531269,0.2346863138600943,0.9497266115187801,0.7092626208061947,0.4613670897122638,0.7743862079699912,0.7920134019572977,0.4623497335472615,0.7958145556719144,0.20824825901570088,0.1533445477052715,0.49156823376053227,0.8592256487482617,0.2951322805858396,0.6754022938637363,0.9965237674081392,0.5024687139654038,0.6900618560089399,0.7808363811930522,0.04845445344569099,0.5017120243934103,0.1792201770388504,0.31618252311790684,0.8414011074250456,0.6964577053660197,0.9872705758665918,0.01587277646896934,0.5705203750871571,0.7789269163183713,0.4354870638118289,0.280339317523429,0.6985441957387152,0.40002052263995036,0.10360957981531316,0.37047560033889526,0.6665649746908539,0.6681704152167324,0.3595070886096532,0.06639296578604248,0.9356886911267068,0.04452538073165879
0.3290982683660223,0.19905860527624097,0.12103663986234114,0.8692043519812566,0.3986753276455032,0.8077402602591006,0.6408748781956951,0.4059650506576489,0.1963906068515544,0.6515011882760754,0.09665278952669065,0.640694611024221,0.12127997165811655,0.044170505876738764,0.20193902001665864,0.7853207586359425,0.05477340932467367,0.9590011236243804,0.1047686026400041,0.24698401480293297,0.6108233610275537,0.9198278446157886,0.24799309132416936,0.050540167042314676,0.7382113857446537,0.9023333147548623,0.08289932164648939,0.5585937070529222,0.8948502197562258,0.12138585544991987,0.1023955057323841,0.9653545158954834,0.9705800324997271,0.21402839724113432,0.6194041962978657,0.3373580373453653,0.2366534928584645,0.4037617910422696,0.12790683852115947,0.1773339065077969,0.3940162910236471,0.5030733952237627,0.1398141843652808,0.7312860179700404,0.6835035380878852,0.3856083606768683,0.1726884202461697,0.829951989472746,0.7088239547416167,0.5495194990951761
0.8824844365407154,0.8912699073191511,0.1849430079585056,0.3100896989270917,0.511754108915423,0.35396462786046246,0.5081040429221679,0.5958759432968034,0.2714827926095873,0.5504805132859895,0.4598737048271252,0.6002019115329411,0.3938435650481692,0.3492128796094043,0.6635862049873501,0.6383807993698021,0.7825744936779169,0.2874998342412429,0.23977043077918747,0.5381250889431686,0.3135028570750943,0.9355165473338363,0.9356050662131155,0.38286001813018866,0.767840984175148,0.46964784112425606,0.9686058547405947,0.600493051495382,0.05756850721953266,0.3879711723590674,0.9795799146496199,0.32052345838803575,0.3313748864459499,0.913254903441014,0.856557208685087,0.2729034714015015,0.15120419899128967,0.5775110416182455,0.49754033966780253,0.14966705638213607,0.7125740316829041,0.9248725272749858,0.6805663243858812,0.9771490903101294,0.7003069513844481,0.049877558041058756,0.31320438116502747,0.2357584263433623,0.8690356453616418,0.5187575540818516
0.28087989461911855,0.12729962282579432,0.09888328672590918,0.18699203214140914,0.9410667610095399,0.6209065599433169,0.9161855245205134,0.8369669644054835,0.7055890851339051,0.6684285623168967,0.9293370866159292,0.18606805202154708,0.3855419332203722,0.8220971506907928,0.477329876936764,0.7199620690379461,0.012948177917077475,0.5446260109815035,0.6279736932882151,0.36629469002979775,0.8898103614896382,0.6640853683712954,0.3561512107878517,0.07461677453767668,0.2554645617621718,0.8539089953361355,0.8631040337073318,0.48628833041037944,0.3029474217574589,0.23694672633710323,0.866826052207094,0.8154129115277815,0.5748146898817654,0.8759204785359573,0.5559501225219112,0.9460975277542965,0.5865138588306654,0.3775691650127577,0.294874940201745,0.6651571254838263,0.7254365272836173,0.948955218681091,0.677373305095538,0.5271204527967386,0.911958117544988,0.6077886146263409,0.5163524997722212,0.40016720426390606,0.2135701533674571,0.5717185067570769
0.7797191737525144,0.24175482787906744,0.965712898208791,0.9636097013318327,0.706850556142493,0.21512567270526595,0.8920015870567298,0.8664151729642785,0.4045970028881485,0.4031656028750834,0.035619603797382715,0.2297499384866304,0.26200076071550316,0.24863163146517264,0.26356685298855864,0.44924918860114027,0.5489458947794568,0.4034928768278149,0.09135726010409173,0.7258221509251904,0.624274909519354,0.6883455273895659,0.33261591450492933,0.4045914659730979,0.5928360524715026,0.8892256928580413,0.962969226343563,0.6301120643109998,0.20315614987771247,0.7451355696012886,0.7321698704676407,0.015826006925056535,0.2527289024761179,0.30817224620984207,0.48898976145215534,0.8251166645011991,0.9204591646024367,0.6187200349152154,0.18733955833250782,0.43355184652072143,0.22285553487829146,0.7835932747381037,0.25974723621067797,0.42860936037041875,0.8172657701094825,0.8031805667936412,0.7154445790866596,0.11511506938489446,0.04531344485747335,0.3058081057035832
0.03853446951537354,0.9829077080571408,0.9298435711475225,0.9154564816238648,0.11094564825117559,0.5482067261691581,0.2594162892838833,0.5760012341660843,0.9785032742440852,0.2662430026092377,0.3848452260003349,0.13782746492751796,0.513834290699835,0.9486202922107055,0.37871993285839056,0.5068247738418258,0.7981730640333736,0.6628616011631506,0.9794543432970595,0.6859730850013476,0.9985832467453375,0.11947287146207541,0.35094187599491045,0.24069873965258493,0.5905174766244112,0.25494696979614884,0.46230905071044626,0.9128702106303799,0.14902698167808748,0.32522780615046576,0.8714252158809518,0.83250815672061,0.4730983241699379,0.603352255597629,0.16882485548371795,0.36235096725500027,0.38899235400523124,0.29668887675447964,0.11886387749987493,0.33797711791391505,0.36653709238272036,0.3919739989185361,0.47501214180109363,0.6866337814737105,0.3647651023982287,0.29334814511104956,0.9623266578325765,0.7639098638938967,0.7764879419451731,0.5110926170816187
0.67142720078648,0.40332468953662315,0.47999943355209684,0.8021468413729331,0.6488949605849699,0.9816638408495064,0.7272225735828547,0.40616530010767715,0.09372054448211409,0.8112262286881451,0.588669188548976,0.5996458409884801,0.9176097062921248,0.8960196617707826,0.7381262140605156,0.6723166096629913,0.5900818085532696,0.3802906913505021,0.6762703713104551,0.5217100259836636,0.8076196343146838,0.3638888495679743,0.8775168243877863,0.5675349386748337,0.7770579259060741,0.9879840744428314,0.6703979824453029,0.13218602317094286,0.10984409730671485,0.35656651854038657,0.971684204131089,0.5774180870509841,0.27750730072279683,0.9119483415293625,0.34716958793759367,0.9008624191137614,0.17763830917594792,0.5351427272637355,0.8805078664365206,0.490677389270186,0.6333145084396026,0.5721761434927731,0.9412661593147049,0.9718135952043613,0.88212738540788,0.8120090573912497,0.024731299085125613,0.7088783540552629,0.8233343540128119,0.1021188097460557
0.426054501438363,0.6887385357546947,0.39163076577735834,0.66300283095734,0.027606478042211613,0.07912484446419832,0.8955832554493798,0.9812614222911983,0.560898916634409,0.9797267426134887,0.14752658891900028,0.6894229409023308,0.013197090737571138,0.6867376356728433,0.4324588254939695,0.055393665413090876,0.30934326700379267,0.8647954840164737,0.18040802749193285,0.17548319056141992,0.11535501299194129,0.46865105309847177,0.6670677307084979,0.16969828429598155,0.44190562719871485,0.34219263327641725,0.5868354534038827,0.5480428770592667,0.19688260372123678,0.905257704299129,0.5987911251095318,0.2990849130708362,0.02765526263023277,0.4183405552639512,0.8850013553518594,0.19980749044136836,0.310640347516558,0.9092429063721802,0.46533249594776294,0.09053961614581496,0.4600713254468686,0.8616847530884784,0.251130533547398,0.4195520896358135,0.17341820510232453,0.9952932772730072,0.3049985060089865,0.8138177981848069,0.9582728446417853,0.5637695577194607
0.24446171592663113,0.42729708532197175,0.8094767483850825,0.2124179002520079,0.8219688740954166,0.5264714636878021,0.18894828205877467,0.13891135611641148,0.23282936721536718,0.9562637067216353,0.0281049167850993,0.14718651325762322,0.6764971856299725,0.9458757241814074,0.5568841280175679,0.01557832478469423,0.12482414048835677,0.07385699765721143,0.8144277055574312,0.7190202574272083,0.41859173031321517,0.9517442369237271,0.7147178952306368,0.3006959657672218,0.6711536975638865,0.2257263577410561,0.4108199363612337,0.5052115617182749,0.35394901320466654,0.422468461213826,0.6604224848104874,0.9922484548349865,0.5080499384447374,0.16394781387617885,0.25272871459472224,0.15985640602422857,0.24486472202091714,0.8428475247966231,0.02247645785088892,0.8502716095319514,0.306077738302887,0.12525290739072759,0.12866986616624232,0.8440904041157936,0.9975413649551433,0.7130347756392806,0.012806847757055873,0.812205140608777,0.577336309992511,0.8568644460383524
0.3857459729618712,0.862444669267819,0.7051492115837742,0.8533625729250515,0.8944619503966322,0.642228531731607,0.9279933809630228,0.7675937093006779,0.5251717616646359,0.6888068759550208,0.6594947377928394,0.7267064078874304,0.18241456768312037,0.5342392803475893,0.3190307546713881,0.23898849378904385,0.5421266674473668,0.34230784002026626,0.5341885016658771,0.07218804772264775,0.08913343385970851,0.009020069039095024,0.7589852671235753,0.10988623145602383,0.5495199233928247,0.6699095141241201,0.7897240898794208,0.5055905779956662,0.7897499485656213,0.5184668699120469,0.9267124425115849,0.45393153814763243,0.28138192029116416,0.10121518095957527,0.02657543054363276,0.2179508200252035,0.09155274186947782,0.03959298211532469,0.7865547663885526,0.41277743847735526,0.51530387416923,0.20654646860646853,0.6027986373583768,0.9249086678445259,0.6528735646499754,0.5582379907926933,0.3155012277799234,0.12059997998395788,0.3834588693980415,0.35873948911629727
0.5208237292275478,0.2828570192107891,0.23385769514063393,0.9687555316093849,0.07724389562624467,0.7695280244513334,0.815921802604203,0.8604201980713405,0.16523204044542605,0.9410656277075733,0.12912772044049525,0.9480673703768429,0.5150373717373518,0.9391319504331448,0.30132061508735286,0.6222564219232893,0.6363389327301516,0.12642836570880223,0.8820111794130994,0.10789073334572019,0.38362008117886104,0.27103157227915897,0.31867706229798254,0.021299650473046494,0.91858478813636,0.5129584128574761,0.4756501682081694,0.6814559312479338,0.7403989328367627,0.17740578564469078,0.5443838490700178,0.22080117456455473,0.46762414641052386,0.12363874066463765,0.2668671581724851,0.9898717883284323,0.7008035142703156,0.508764836668931,0.5667723864651474,0.2967222032609609,0.524521591595836,0.22259799669836844,0.9718674759631366,0.06636404089552761,0.19815037267451963,0.03775057874407928,0.6917731140640526,0.8361260486444319,0.7306257381868206,0.8331148781068931
0.06548579011540057,0.5058594997179727,0.769669661077413,0.5731267339067755,0.8027014031220222,0.27435559827253275,0.1231088308596795,0.17021715673573,0.16886274352091402,0.7701644467189177,0.8367588820260902,0.3801827072291709,0.7565120719222658,0.28105626505289416,0.02006778446266,0.10248983986251992,0.3663283820486771,0.5728708012285989,0.4549787911052944,0.44802400503037243,0.7840523474510472,0.8807264808934272,0.5370027387885465,0.5696935286177042,0.8066627080363895,0.6414859101251525,0.8507390566202778,0.9398844860620137,0.1800672992372011,0.44524617521668364,0.10335329370300461,0.6074905221768815,0.9203290156480456,0.07683611271389656,0.9244498999384272,0.5119029141786663,0.49036019744578596,0.822591569768517,0.5036447989546248,0.17140819774911387,0.08937088051584541,0.011765360984807294,0.16723223763728245,0.44596085595259005,0.28891714461450657,0.1990435372925996,0.18896575482392186,0.3295179662186297,0.7945700016989395,0.12335101363606182
0.3369783221194165,0.6190041001986006,0.3693584744193513,0.4176655782328347,0.524220756239665,0.6519338946104672,0.21022921327711086,0.7833885472712557,0.13807724516896913,0.1394401472314939,0.9967580393492546,0.11794793138236259,0.3597884868379042,0.04108832555596509,0.19345896399994755,0.6019058892323316,0.3152756103401477,0.8344739244992214,0.5058272786502063,0.47502564606891184,0.3511022737651628,0.05981515834658169,0.6959900102322311,0.3884323259444066,0.4151429322068598,0.7035878493683347,0.07297157724449332,0.1425550539530962,0.3475845016165745,0.5359044831927284,0.11382732291086584,0.4716670401626736,0.6600778230813904,0.123530813900391,0.2688672314459811,0.1870190082011085,0.7344660760541032,0.7336366389715424,0.6033766118345186,0.27403190989389614,0.15300621475392984,0.7895253081310697,0.9867613600706351,0.20743901018987854,0.912883445232303,0.07909822335962846,0.3590898320323578,0.08261911448848569,0.8419328184632903,0.7879330637013404
0.8528017083694147,0.17612411226019042,0.7640352516710749,0.17555140701515837,0.06482940464056108,0.38006097586375576,0.8200379435693073,0.5124745708760537,0.6191925645917202,0.3859153567195547,0.7856062648469585,0.018608445001956908,0.5744888726394304,0.3854188747903058,0.4890111788936611,0.49294776686345887,0.985407613095596,0.7088992103963985,0.6761455784362749,0.6744004105976392,0.5864461629197795,0.11382869997231648,0.28847259986481955,0.11267845862430226,0.06302466337781298,0.5832147869214295,0.3317424464575587,0.45250470207677085,0.1144943430967088,0.8127468507001699,0.4229818416291182,0.35779422661739757,0.7363540709386088,0.8321781840504202,0.5446350336719914,0.7262641764405382,0.9723593121808193,0.7029487394486081,0.2432517769587853,0.5688919434261258,0.8844396746593949,0.43590511318243075,0.9105183083383631,0.5338275522403834,0.6202272651966979,0.3404762855676535,0.44509042798513165,0.7097019350335542,0.5583160263126852,0.2638144158488739
0.9712761177496645,0.23609702145223987,0.3912753377277075,0.9594253471328205,0.1690224720850888,0.8489100797548405,0.3181102636177714,0.2609782366462776,0.5203161913132862,0.5763440316264727,0.43766112243004474,0.2577793767572242,0.11977311918434352,0.1251946976732905,0.5144146924011563,0.6965409697497433,0.5893750769466469,0.8304578332449682,0.5032474800349673,0.9371198447664584,0.20888234394552407,0.47337491465732573,0.27522379817165565,0.255616741139967,0.7038856394415215,0.9273630914984812,0.8940568232318055,0.15417228450491105,0.9572851593174386,0.9824205821402396,0.875954853766852,0.6509936882583806,0.6813169718215815,0.296462283830062,0.0563038633324463,0.24937870543304475,0.46344855184683487,0.08965566065755881,0.49118892615845666,0.8934219727413109,0.44734565345827493,0.5851557420277447,0.09636284048663735,0.23422746132772765,0.2578447976826096,0.774292889025506,0.12410709182277446,0.7059403343489998,0.7595452708769218,0.9887672293404212
0.5978536715643871,0.10998326603260866,0.3474245149002676,0.49742207231443547,0.033190271637755675,0.1598907908736945,0.7249272187023599,0.9260404713758587,0.349754171447041,0.9669160842710303,0.9466455607263969,0.8942394638358613,0.3796149531771291,0.7935961314467664,0.3070644376489783,0.5659987738532972,0.3431128122218948,0.7790641937661151,0.044407600326934804,0.5632607262402357,0.43965963449138223,0.1273381611938963,0.28061313141277,0.23542944551851686,0.7878328022672888,0.8207022261564102,0.45838314711025185,0.12685434622910818,0.8564412731832106,0.09438597328533549,0.5663062116764035,0.4796825722503443,0.24100313841615073,0.6136150615265871,0.9341768206678362,0.8998229859386621,0.03706650306785764,0.8632139810344687,0.7854085720458321,0.1757096555244101,0.04448159774573135,0.47854349879031866,0.5695442300918448,0.6964368347876987,0.03767166754564577,0.8885599086595907,0.2693883505518708,0.8332170298068894,0.7685187217047078,0.3616596582197852
0.791826899223828,0.7990503539612116,0.006556916135950885,0.5053452423196444,0.5416783700096992,0.11710285697715717,0.11943271213607642,0.08447528683241123,0.12803030228628576,0.7521105369041481,0.7925289572259226,0.14646817786537747,0.69033018099293,0.4429533410001085,0.8838334214540005,0.697209637423636,0.9555602222741528,0.6164114938795806,0.5511042281945184,0.9765657501747769,0.35174085966899216,0.8358228249896598,0.03119458392240171,0.948300987885481,0.06844694584512523,0.9926492843868342,0.6681460761127196,0.055877161563712696,0.31166324159975134,0.42479051589962225,0.6555378367122268,0.06135645252501665,0.5701846071928074,0.7138284182267824,0.8810432423886735,0.6720488157101856,0.05212964888762173,0.536831746408366,0.42643351363978077,0.21204976233877904,0.7130911223600963,0.3975466271132966,0.276347520528599,0.23000169538378812,0.5276532451557373,0.5553953100440756,0.2089514422225084,0.18879859689222123,0.1774608563220914,0.1857037061244644
0.7402112813541925,0.7279148480577395,0.22696177705651188,0.2209299088064932,0.5644240713036446,0.37344214510192486,0.37249725678724765,0.3533762545247431,0.5040913293214573,0.9428638780699262,0.9304669376071724,0.6766259710768704,0.2313071751651964,0.5255351002274322,0.9218892999299964,0.04713737790079853,0.015422330994267708,0.7046406579698848,0.9028743277765572,0.19965080468586704,0.4529183943968139,0.44161167336781115,0.8934815803586741,0.963294927473069,0.9079514055572792,0.18070765982828285,0.6015849207000572,0.3965550988876363,0.7190134791216121,0.6115275720403898,0.5845710313829575,0.22828611836339552,0.42129548770053515,0.8536853680210452,0.06256982641685926,0.8731468315864296,0.006347433930977364,0.7548145527593564,0.8714547784723004,0.38328354771453443,0.001270416262628804,0.636811853730461,0.4860294151407286,0.8647145597010273,0.9123200370237664,0.8888195856172566,0.7831079460758573,0.3708518310090019,0.7335708535163579,0.02285268929232931
0.9472532509509799,0.2030652160893197,0.7096226957083682,0.013235656612239244,0.2321358529679275,0.9014559063411,0.7319509024512028,0.15153234316124287,0.01928657360992414,0.5913946826884511,0.45421817645980667,0.2533482592021107,0.980529931833643,0.012622092897881743,0.4391330836428752,0.7585263061461383,0.1908612198425197,0.766776764336644,0.21488226662253396,0.4727786126961674,0.7379423406755036,0.1540751125787453,0.8719133497697416,0.7957953781499763,0.035181430627975074,0.10428934920309185,0.8489984164155302,0.5491816043842647,0.28107245394990255,0.9889248110454364,0.9701716712566139,0.8147304392747151,0.2045960580995808,0.8824963556866809,0.948902662018097,0.9310755919634391,0.20162720794328026,0.41219614554026673,0.49656261603408636,0.18716483234051673,0.9224365846031136,0.15188621961976645,0.2733736513838294,0.955197689939273,0.3530685503930181,0.9289698960239184,0.7877333823248874,0.4249283816958864,0.48128067875196545,0.938540440780971
0.4267077601265181,0.18373522478370263,0.72873861385947,0.0051462031407819575,0.3467433171946086,0.29221259492273377,0.06445008533471419,0.49812207735413894,0.30785539571554577,0.3090136242190097,0.9056486518422402,0.7803834215290608,0.5813929420143046,0.34496533805752416,0.3836310319348806,0.41122032774088746,0.36993432983190466,0.16374409272069856,0.3734756529292115,0.7680462981630433,0.22531555828743555,0.22017290078359997,0.14978781886547965,0.47012776327377703,0.8602495162151097,0.9203524774136987,0.28234672182785336,0.12987929076547888,0.36201374687164445,0.1892277625262121,0.08814233833374463,0.2449134717866681,0.6599454090418384,0.5887428652950425,0.15886411028813685,0.672388276005,0.6277630067418282,0.9758440677074369,0.31177923947735187,0.3573441885110987,0.3269566326806439,0.2641504216570526,0.5139398823154427,0.40478322118959675,0.20909885785874394,0.19477004129874287,0.6806114600992939,0.22265912927923137,0.21712885225558554,0.9060761127342396
0.5663579418640586,0.4518843444436198,0.4571696524403499,0.8516941923359815,0.10498326690863424,0.2500305823955805,0.7917712449552806,0.8996231076360417,0.7663407136904673,0.36647009591222324,0.42503100917454306,0.21634327939510523,0.9693814807594173,0.6370050964229511,0.7604310865596309,0.7323990128377675,0.11349316710767932,0.91552512770666,0.1924356176127393,0.1224069530181513,0.5050351610881846,0.5152417282084844,0.817201672389791,0.45959751316353137,0.22127217845208424,0.010248240725167945,0.17637240034221846,0.0015790191553076705,0.4623649411615849,0.9530098434908727,0.6156653619353304,0.9748731999837574,0.9379831752543094,0.19448985996533086,0.4962026734878182,0.8802002215987454,0.6883769957010769,0.3566733536680725,0.9317930116214422,0.1778680889486156,0.17472438974608262,0.25706115164117616,0.04133401710125206,0.6843947687419581,0.017580878972678793,0.3540518316590632,0.9133053070668969,0.02262950902157057,0.7312383800207897,0.4385620192056213
0.6392428636912839,0.21201698995934315,0.19914775930751316,0.5444121951848566,0.8126251646114966,0.9316507078594493,0.27193640576046585,0.7926931359818105,0.9254551134867537,0.4276952761390129,0.9962390638898057,0.17554467668463314,0.2954227335061643,0.6604761927058194,0.9882695174950296,0.9358975912020724,0.408088273960059,0.719426056378016,0.853247757250193,0.41278036499535886,0.3426602103123473,0.815716808277956,0.6507397010497334,0.016118155837572368,0.11100395230562088,0.26231762870899056,0.04297091192009872,0.648418366373725,0.3635179329565176,0.22179915921213467,0.22613575202412106,0.9499914066359205,0.6927871398714163,0.762016192032955,0.862314967425556,0.8483772912163046,0.38808887194812325,0.4696964135488405,0.04603927987557299,0.8606178778652782,0.677134213021453,0.24283879146184462,0.7283591770970964,0.4476568237198886,0.2834888996450229,0.7489157107951777,0.7276324590197927,0.3081919096995047,0.5819556464029689,0.9897803787620384
0.3516925342996444,0.387610371278725,0.1484150091815094,0.7274115407505624,0.4589630195596113,0.578795847032265,0.5691576233311987,0.024950737051052996,0.9791662142898868,0.9871387983188291,0.14346749321620256,0.906589989618132,0.24684982302502845,0.3920562171240337,0.7153473422242106,0.28450836367770116,0.7972839826201527,0.4241241617212316,0.12492372908428706,0.6267268381032813,0.19441216444018516,0.6547851735614365,0.8776390339645401,0.4715159481908744,0.309871630507098,0.4640460620080259,0.7971316068504656,0.12930079458043675,0.23297492912827233,0.5975852356999427,0.6901029678564536,0.526395067136547,0.7635611547874073,0.7720119769591557,0.6259007102614728,0.3441221212573693,0.06769384585809146,0.26124909033772425,0.9618266047901135,0.12302724159963196,0.9300954160756567,0.8318938923078052,0.1702929138735253,0.4838015562934366,0.2211050928901811,0.7619265399986856,0.7421996774736775,0.393103233362741,0.8535553134735367,0.8554945455630207
0.4667201985754399,0.8686167243893806,0.010156773685053522,0.2749730649486941,0.997096346554777,0.1442847186039493,0.022719793497858243,0.5801451030278136,0.6470702535876421,0.671587235322304,0.9507642323196572,0.5894686479553976,0.9808009582706941,0.6547085272230454,0.04615705911681567,0.45742781248275133,0.6768364145070354,0.3035635935469302,0.42527064437371487,0.15593348509186966,0.29717460079077107,0.1073296257203169,0.25365105127135756,0.9205213966011969,0.7640223461467982,0.750051408714234,0.6200866235511301,0.4725154244867905,0.41965226603848593,0.7306033965303294,0.9339404201068178,0.10873861403569818,0.8727496903200472,0.8831340738172494,0.6565316071914696,0.6031240117788621,0.3705789673487072,0.8097237261915147,0.11847217385991826,0.126317987423902,0.8703180997176231,0.2957531485601317,0.8470185012126684,0.9139596899086355,0.8743669484509351,0.6291371970063151,0.6877697595375963,0.8639927581134863,0.10458537290829006,0.14100887392975925
0.7251155127687196,0.5164700041392079,0.2185319561886644,0.9971376755176093,0.5286962844057786,0.39616193877093864,0.405582566850028,0.9934565255550644,0.6891634618424382,0.24770749260295155,0.8895002672815091,0.014975273091149766,0.46398666915250175,0.2170545447074157,0.3123561058156087,0.07955377780154804,0.5542302579781168,0.30784846900894325,0.30350471976872384,0.8040093544445391,0.45005821563387627,0.7436495390407809,0.7457351639615517,0.31049186002956797,0.9047662545361548,0.9801622721254211,0.5437142307549503,0.24183981747699035,0.3502415427549096,0.694142469612962,0.8168028240435549,0.34232957410673825,0.13763185081783524,0.543055836401516,0.4636136015009926,0.16589069795915823,0.04288510577362736,0.41251642571157565,0.5020651547776793,0.368297051786853,0.7384111913719579,0.24781834035639083,0.5425110263107329,0.9438284136593817,0.025889888115301574,0.6516697984860426,0.6945901492010099,0.02615672220992049,0.4230325700501738,0.16477732304630854
0.3134302075867089,0.2936986757485839,0.9264506933772454,0.09204124648911305,0.580407316417895,0.576695184237496,0.6410488788952332,0.3967107411796805,0.9475797145333436,0.2555998773391204,0.26995394944968076,0.6967770812976323,0.9442054224722589,0.26956968318689756,0.4583162483642357,0.08991366796840827,0.5723305643409707,0.10028519355695464,0.8684509903284285,0.06178308319708781,0.776948731285205,0.14519554068921825,0.9835431651725615,0.6405625087477378,0.851240510821409,0.7695741300262977,0.601175063916213,0.05461042609109179,0.5312064342190599,0.21938720202400108,0.024139809287986536,0.8141086963191786,0.4528101126230897,0.2813461034879947,0.9341434686829714,0.33593348180386184,0.895755708459262,0.856833032446242,0.4272959462645788,0.2646938830114294,0.5852850963667694,0.6641971437141527,0.7275976305700149,0.8418292217049224,0.21727828306197805,0.030049158593179137,0.2998118175164426,0.6754554081341345,0.6492337752072369,0.4097559883040036
0.2314803870399873,0.5707374155876694,0.9985010374181387,0.37650703995441126,0.6512063284834895,0.5473025924523744,0.47088591260547286,0.4717418525044821,0.7874676999161812,0.14907392904508987,0.5588449343966169,0.6818889421760838,0.28197619949410724,0.14219919268318248,0.28371486763280684,0.9872580437528798,0.35578523215540414,0.09500213224340026,0.4656852403869348,0.8454053476552004,0.07431658388365991,0.6629855818027498,0.47455390281581755,0.6806509195634096,0.6514229371348429,0.6043304361279755,0.20072509439868036,0.36410560739882025,0.8869901681128526,0.10265637071258016,0.6428101448815139,0.7822984885149129,0.42665199140271337,0.7116081580260101,0.4053199400849178,0.254189081975562,0.6297954342030202,0.8161713580782667,0.8393542899119798,0.2150243863365423,0.40509260545688175,0.24546914619349014,0.21478829432168123,0.2538485183307624,0.9756901498560697,0.44629760999050494,0.5392477113651128,0.7055501474987554,0.9909048503742403,0.8772065642636073
0.30911110461522184,0.7011513981004037,0.3575113824712104,0.6065744071712048,0.28802022610664724,0.4586304810059513,0.5754238254131658,0.9105142462595442,0.579903646226298,0.3830135810606784,0.17754818948796336,0.9926487935232496,0.033244926256323803,0.13447431454684577,0.1052677693705425,0.3972195351826052,0.5563220142028666,0.6901432954927792,0.710883929296288,0.7351486566413875,0.5435855067383972,0.3123015836224958,0.5795669488649453,0.07754933499015115,0.2987267881352347,0.8653320159027167,0.2057015791453446,0.9987341153868948,0.5278105467305465,0.5259588850156116,0.20699840537590364,0.951030343742925,0.7621173278556501,0.0622666377756822,0.5300729672823475,0.38750238507966883,0.34367404593490325,0.0026100145334164715,0.9649759813818368,0.8174571878083519,0.7892847612070995,0.5485929880767069,0.3343700263408197,0.9749388417554467,0.08233024198946337,0.04327189281699795,0.27674207034607423,0.755990591771233,0.5241347632538091,0.49077965685029534
0.6657900295236484,0.4384565286626917,0.5424446573147108,0.6354241842483765,0.2974794409045015,0.8518583399813106,0.9942962692131498,0.17253175730465176,0.4277601859517721,0.7669617064125474,0.8797258413479105,0.8515322848565867,0.08644082789041918,0.2149471489520487,0.24411902726409285,0.0021173409250367925,0.4135179927725977,0.10206425165078692,0.36381163714790077,0.8936120236906028,0.440473340304012,0.5554642233872075,0.49506637420475763,0.8112714052016471,0.2675130309504872,0.4292815161296327,0.3132535990198314,0.4637347414226112,0.8072262916782437,0.5003016438369575,0.12597430182600233,0.9871338794508459,0.9650682623980493,0.34435704171020987,0.5244081402052942,0.6390466666731877,0.03886062734943119,0.42021590193203007,0.2706206309454603,0.7620484934511338,0.3353825382648331,0.7884024204931479,0.5409221418887716,0.4908610468840765,0.7917263879518258,0.6652877249063248,0.6157300409172,0.4849415932226009,0.6851932565711041,0.508400547519176
0.7755917315717467,0.6728800860502663,0.9024685729065548,0.488834087582392,0.059295093884040195,0.5931612701117559,0.5614323965908032,0.04289352146099901,0.9485148247515002,0.9991448057983352,0.1921558705856884,0.6517288162851036,0.9563910744973069,0.07449488265956294,0.9298854315558757,0.5556053047404891,0.37570541418616266,0.474714327940709,0.5851462280139776,0.6344214981103112,0.24405339025554462,0.3551063228229485,0.5821048581466282,0.6781597650719331,0.15712789106499325,0.6238083077194941,0.5388544813052885,0.2137700308227074,0.39688003972218255,0.9351684998326429,0.05816580999140453,0.14190520944454033,0.7256498145446075,0.536008831997267,0.9756420313600102,0.3637213183654595,0.6874698504418395,0.48663887549383833,0.5227731711947247,0.46021951035174125,0.39921759252392985,0.7789637777262072,0.6531659807875875,0.14725761855831476,0.6234496346231062,0.9545253743699669,0.4520891301516212,0.9505562834520797,0.5038720303593173,0.5790816832932305
0.344610384683277,0.18306093170164361,0.7589584702144728,0.24096138607846718,0.4524883582514223,0.8557193428175661,0.3071983099121224,0.5984465689058192,0.8413469394774477,0.5399252839585971,0.36479108742154476,0.401349705754955,0.11764551273605994,0.4402063829293309,0.3808139727831218,0.20949174364896217,0.6629062428106393,0.0627396854978216,0.35249827566956504,0.6355011516701132,0.6978041097540096,0.39716102275798826,0.9365965221156491,0.1590495611858448,0.749896839431564,0.9555713266067343,0.13569791330476866,0.35782741264538653,0.6426868771902614,0.682664528548911,0.809185727479226,0.42155431382397957,0.40653417344109877,0.08855062632879851,0.9626497048495559,0.8584967308443677,0.8337215494560205,0.9220223381967944,0.24588959004127808,0.27801159443699075,0.3901656512287146,0.423105260911247,0.44517915268814856,0.5473776485138504,0.6985722558601329,0.6535822922777526,0.904146646077955,0.5040395960814071,0.7883697640049243,0.6604805225580589
0.7938137981442188,0.7558740003142286,0.6202380828816818,0.7571151894080274,0.037065080526682115,0.1767152012307649,0.008887296272004352,0.01840742053448463,0.8302017827455936,0.8692593884423111,0.07889079115596398,0.5872307276603821,0.8622571926007059,0.6398106801332395,0.10238483829845135,0.5435198814970735,0.09536235948287552,0.4535871590016889,0.28765775532155036,0.32946254218485904,0.6368989132238962,0.8335006479642552,0.25617277248996817,0.2868909250221755,0.2536024306715928,0.29422617460276257,0.65426053456391,0.9738367061246741,0.4283947453785568,0.3106269051626953,0.7661456794845555,0.7934561319267766,0.9134230317568881,0.9068382707978078,0.15654792348974178,0.9108672406356234,0.9561103440348229,0.47272701528155836,0.6557394519273604,0.8057536146296983,0.43527076242772966,0.8519690945551434,0.9393192635330808,0.8239182534437262,0.5810466082872581,0.8464884166828126,0.7192801478013918,0.8254681391696717,0.30665188499330454,0.01452562758844067
0.0005102885750182251,0.015296421893325363,0.9301054586757931,0.3150646056796128,0.9448465888852516,0.9934741934797975,0.027430893242151866,0.5173215054110962,0.5890516920269868,0.7530753519979314,0.6583632496329265,0.8570959807692679,0.7109149288685862,0.23584770567194335,0.4729202993610061,0.5251362758712695,0.33381282283625213,0.2691540362294901,0.8132331085608114,0.7524615673177671,0.03772983892440729,0.7431388776849435,0.4097740739557567,0.2915327292571728,0.8735919624735823,0.2950912970293652,0.3503167680177952,0.45860768614524083,0.7038652542262189,0.39903937926255784,0.19022562337871196,0.5174918939774197,0.31418874968048016,0.2973245787170783,0.20285863859341546,0.9290854741533638,0.07133612456744964,0.18834936867216956,0.9825693722807506,0.1063201269796008,0.5517976630339552,0.3870510701009491,0.9266989066300547,0.9679158703521634,0.7587036261994631,0.27957683838037084,0.8157235524589309,0.23194295007554133,0.9489100057644854,0.6788928504490277
0.3521425225316164,0.9949676507927921,0.6451540654307792,0.7238620949025563,0.9833973460977213,0.02162483705271334,0.06194206070622932,0.6619336533471908,0.8053650421468788,0.37728530764881096,0.6350411904467154,0.9065049852352461,0.46840468647698774,0.014541397833586989,0.2831983535124146,0.5675072200267123,0.7554225138352999,0.7959916283924673,0.5249438899548244,0.9277775241038884,0.4161378767440258,0.9547935046313779,0.2180794945645732,0.9384986314489633,0.7612674902640574,0.4729220383535101,0.8593551661671619,0.5694154247549835,0.5187263305412132,0.5994001500543663,0.8383543935660863,0.3024903989233225,0.05012908661446547,0.25711194952100225,0.5120958108250553,0.6546962465466791,0.2573542921346841,0.9414717187720996,0.8666921463244677,0.9532134376163149,0.51420068886419,0.35810961714949463,0.1473988809776512,0.2895132867943645,0.0329253240669215,0.5648996132416636,0.9541623950210051,0.643304611576337,0.891034524554016,0.2469659557758067
0.1567636051329031,0.7865004576885675,0.7207299576493242,0.35596393241483837,0.3937313328220784,0.8233879087276508,0.0622266482106536,0.5057020411556834,0.3463921626471864,0.3552837878943541,0.42013823418332286,0.6371301243365536,0.5442640908193157,0.47089813944646797,0.7848367441238454,0.9256335799106089,0.42765901304857956,0.7427994149142333,0.27330652546952205,0.003574695822015639,0.3901224201149063,0.8208723841927115,0.029981761272334873,0.12259188491137263,0.3273855392918028,0.2288450841115317,0.7977846913371959,0.9516097183456441,0.0976544618830173,0.5679141224130787,0.1680944178618199,0.3150436609204801,0.06542280094934105,0.20433055146565848,0.23351597767499943,0.7277698521229615,0.7477416672886377,0.6417865233933497,0.6278739864463466,0.7158785958131746,0.646117171315546,0.5169486958642862,0.43279730086366286,0.020430949620131256,0.6645793463325815,0.7339607608171025,0.36109974205422846,0.4266373617703574,0.525243627274808,0.06020833962315075
0.6138070897690459,0.12832388499617298,0.24592851611907984,0.4847100626739005,0.07475129283485271,0.22163632700668667,0.2995584067443945,0.182101648673494,0.5814217986317247,0.7361678230734953,0.6794922006885861,0.2200370384910013,0.5901692843801482,0.27667331625770375,0.6467292064598742,0.14922473524354873,0.5159134684283673,0.9899178697145704,0.005482889737571384,0.03406386571391784,0.7179521718796884,0.6711327639872904,0.5195274430365012,0.003955720487871517,0.5640758804153487,0.40388126337594765,0.5679608356603626,0.6379980941943133,0.7171674435959883,0.698197671240006,0.6153192695315498,0.04311544922381161,0.9525352113366331,0.9631849401074801,0.2843605632262116,0.6967302370404546,0.7130575793970615,0.013149347134752243,0.15249783468592215,0.8604001301730434,0.059940398152709906,0.7107491061386303,0.7539110437688625,0.7122365635231943,0.10898928063924496,0.8742188212720774,0.04774753165571566,0.2730502526039832,0.5059015686606284,0.21656310449968474
0.590694072367649,0.1783109521145343,0.8314773344891607,0.0924802677871005,0.014158571437176803,0.36820075751167536,0.589902293542549,0.12587268606056823,0.05543578139300864,0.5370078441771331,0.15978076488174175,0.9133336260479411,0.05803497635749477,0.9532421344682829,0.3166720780269524,0.06372318767434582,0.6029670780782865,0.020866840948492227,0.8974609086570966,0.2873875232692682,0.5631785837538953,0.4136366364497299,0.2742021075345201,0.12910170344928418,0.32796286027519783,0.09232378819191744,0.0870394584016021,0.25654730982916707,0.5898281446665186,0.08244020528935081,0.3304946573846208,0.9170521359070745,0.05539816058158298,0.2428238157799315,0.4009907877773241,0.05145403843604679,0.9956572896368676,0.561130659274607,0.7397703003576529,0.5730823488563036,0.08278727527836616,0.8210174248896157,0.00800090431403977,0.5177649135957682,0.5202908990873673,0.22108387055527357,0.4168883775276502,0.15003375440535316,0.9801698469912253,0.02285874548080924
0.6455626005738805,0.6487078542083013,0.04393157316437568,0.31224322156575957,0.5483064812357324,0.9140199216564817,0.7116616523680179,0.7361811568285928,0.2627225691138415,0.5964988948724027,0.12981963081956926,0.3946050415964315,0.0556031902912979,0.3885874445213432,0.819375091126892,0.5009116382770301,0.43888729381755587,0.41459320344856676,0.6850513063586783,0.47219332404554915,0.6876187994625488,0.3887283574723325,0.011896663693353071,0.1563578737141511,0.9155706864279713,0.26152984432594917,0.6425740913906628,0.6302156572896551,0.6261855915452467,0.3387269081419836,0.6566643745950329,0.19137895644512348,0.41289602745721077,0.1421325309523448,0.459403317308656,0.6019351730496111,0.8881232834418101,0.4295724766642586,0.4401423966083535,0.5491213573616728,0.2905495155734862,0.8676449343387704,0.3070466945650929,0.5259561740765708,0.31178046587225405,0.09351513219374663,0.9768866322965811,0.9229292443383185,0.059548254441889825,0.11967303445838495
0.7492986073960645,0.6692731243974777,0.7209114363912567,0.18554425527599472,0.9847676574084544,0.3511483375366765,0.30809314688223244,0.22097459645226258,0.5585556421771547,0.1415486052153423,0.7758587836803073,0.6466395537584316,0.8023963100466956,0.9591525215167453,0.444599165546822,0.5459285978127383,0.6267022207308621,0.46987478395252813,0.5175241642023628,0.40114968722093336,0.42891266088059665,0.7031542808363404,0.8156347916991307,0.9771227494637945,0.17603060417350413,0.366585248588289,0.1530799966708759,0.7721720213349749,0.39177672760494264,0.7908706251674563,0.5432520265187705,0.7415950527121025,0.20792855384161846,0.32310958079869256,0.39116402114606097,0.9694511931951579,0.9854592712860665,0.37721741306237977,0.7559366320946763,0.6275989110768687,0.2679721871737176,0.7022227294606452,0.9267439370009047,0.6688676945598084,0.9743774057486667,0.8686072731217732,0.999602561382521,0.69337941809685,0.9590973377874994,0.9961877256792426
0.1017367559725173,0.6622129783151368,0.32142147418834544,0.07702839917517024,0.9603167460626753,0.031111918833915286,0.42793819177788384,0.532556382112529,0.6333380672178357,5.9092747366484843e-05,0.5226984721310481,0.5140212262152883,0.785547224148912,0.09280140248949154,0.021772939627230148,0.051665049376595884,0.5757768580524288,0.281789843553657,0.8888939279327854,0.3061839278319215,0.915424177201086,0.2996988122941534,0.3931331138490085,0.24888923545349118,0.4505027131046222,0.3974006234935459,0.9433004813987498,0.07030326408904397,0.7785160556583377,0.09348750700547437,0.3792950367538346,0.5854559311529712,0.9147113111888869,0.32471843153979985,0.9841133491919617,0.8501813547774167,0.6738717118078106,0.5861072236744911,0.7727836435059015,0.2848046414433332,0.8108474989457523,0.5778055321821072,0.157045689752227,0.10165849974486896,0.9106658220882953,0.9743908274901114,0.7360955327761236,0.8622270970579745,0.11200684671421024,0.1447198907802838
0.7897888656627173,0.34841230261047107,0.7821613901230344,0.3112064360942798,0.27444085263824336,0.3608623809949464,0.6941898673415678,0.31203469076630785,0.8229324828515829,0.11480693072633297,0.18789184201030695,0.3844244260519968,0.15015354313129436,0.1849962284537603,0.6206448077456451,0.8330751970543957,0.40443258680031846,0.42604809569305513,0.9308248681374945,0.82623572041059,0.4504544504610296,0.7156289392936426,0.41924706619070684,0.9313242537448148,0.21379403807826236,0.45578937427480637,0.7041780741422247,0.8246349956272965,0.8954457187130294,0.2830505683712443,0.1467989968075255,0.3661234134985851,0.12020552879068136,0.38665960356013007,0.01316419592256235,0.850018847414748,0.25279246734784155,0.6533801863756593,0.9048198051793431,0.3463736781097143,0.782632320787804,0.8478614719319237,0.032189040537059954,0.45386237613826774,0.3452564428034115,0.06851080743144755,0.9324890203042744,0.4493586352273812,0.1959118120090717,0.2331208053812398
0.5676559977670559,0.7920489416020526,0.42278987298119997,0.20197090495232506,0.44816502522532575,0.5434398458442566,0.5917106932843933,0.15979306268285687,0.5619589138883655,0.07458875305131507,0.34047302048496486,0.23610743902897524,0.5091760412031318,0.9987733556232462,0.9191799407398367,0.7949634451337265,0.1868004307690766,0.3881453863694865,0.3880275227685799,0.5966288094766377,0.5509298173718014,0.6408034589507225,0.136345530140357,0.03451886684693117,0.03635714969245396,0.7284035101823003,0.10540038356376102,0.7253782041455719,0.9666045351979801,0.9404392787822687,0.6100018251183279,0.7123245859257893,0.7194193945872487,0.9337500576160113,0.533240941833785,0.20214554670203932,0.23283123851746257,0.0025052317917647615,0.9704619098158065,0.1482558012956996,0.8100046853379935,0.9153830546753956,0.10594712327206901,0.42367548068376903,0.8628101500202121,0.8650352198701942,0.7878521741633197,0.391385830040761,0.34290433427746925,0.25488918356587675
